"Ballot";"Commune";"Level";"TERYT";"Office";"Committee";"Signature";"Type";"Position";"Family name";"Names";"Sex";"Age";"Education";"Party";"Endorsement";"Teryt of resident's place";"Commune of resident's place";"Resident's place";"Statement";"Elected";"Votes quantity";"% of votes"
"1";"Żary";"gmina do 20 tyś.";"081110";"Reeve";"KOMITET WYBORCZY WYBORCÓW MARCIN URBANIAK-NOWY WÓJT";"DZG-7503-116/10";"wyborczy w gminie do 20 tys.";"6";"Urbaniak";"Marcin, Sylwester";"M";"31";"wyższe";;;"081007";"Szprotawa";"Grabik";;"N";"311";"7,77"
"1";"Sulęcin";"gmina do 20 tyś.";"080704";"Mayor";"KOMITET WYBORCZY WYBORCÓW MIASTO I GMINA SULĘCIN - WSPÓLNA SPRAWA";"DGW-7503-22/10";"wyborczy w gminie do 20 tys.";"2";"Ejchart";"Dariusz Krystian";"M";"37";"wyższe";"członek Sojuszu Lewicy Demokratycznej";;"080704";"Sulęcin";"Sulęcin";;"2";"1782";"28,47"
"1";"Otyń";"gmina do 20 tyś.";"080407";"Reeve";"KOMITET WYBORCZY WYBORCÓW WSPÓLNA GMINA - OTYŃ";"DZG-7503-112/10";"wyborczy w gminie do 20 tys.";"1";"KACZMAREK";"TERESA KAROLINA";"K";"58";"ŚREDNIE";;"popierana przez Polskie Stronnictwo Ludowe";"080407";"Otyń";"ŁUGI";;"2";"1205";"47,48"
"1";"Kłodawa";"gmina do 20 tyś.";"080104";"Reeve";"KOMITET WYBORCZY WYBORCÓW RAZEM DLA GMINY KŁODAWA";"DGW-7503-70/10";"wyborczy w gminie do 20 tys.";"3";"Mołodciak";"Anna Genowefa";"K";"49";"wyższe";;;"080104";"Kłodawa";"Santocko";;"T";"2219";"71,35"
"1";"Torzym";"gmina do 20 tyś.";"080705";"Mayor";"KOMITET WYBORCZY WYBORCÓW WSPÓLNIE Z LUDŹMI";"DGW-7503-42/10";"wyborczy";"1";"Basiński";"Adam";"M";"60";"wyższe";;;"080705";"Torzym";"Torzym";;"N";"1035";"44,04"
"1";"Kostrzyn nad Odrą";"gmina do 20 tyś.";"080101";"Mayor";"KOMITET WYBORCZY WYBORCÓW GRZEGORZA TOMCZAKA";"DGW-7503-29/10";"wyborczy w gminie do 20 tys.";"5";"Tomczak";"Grzegorz Michał";"M";"47";"wyższe";;;"080101";"Kostrzyn nad Odrą";"Kostrzyn nad Odrą";;"N";"447";"7,52"
"1";"Rzepin";"gmina do 20 tyś.";"080504";"Mayor";"KOMITET WYBORCZY WYBORCÓW NASZA GMINA";"DGW-7503-92/10";"wyborczy w gminie do 20 tys.";"1";"Dudzis";"Sławomir Franciszek";"M";"42";"wyższe";"członek Prawa i Sprawiedliwości";;"080504";"Rzepin";"Drzeńsko";;"N";"1041";"26,54"
"1";"Słońsk";"gmina do 20 tyś.";"080703";"Reeve";"KOMITET WYBORCZY WYBORCÓW PRZYJAZNA GMINA";"DGW-7503-69/10";"wyborczy w gminie do 20 tys.";"2";"Krzyśków";"Janusz";"M";"55";"średnie";;;"080703";"Słońsk";"Słońsk";;"T";"1175";"55,11"
"1";"Słońsk";"gmina do 20 tyś.";"080703";"Reeve";"KOMITET WYBORCZY WYBORCÓW RAZEM DLA GMINY SŁOŃSK";"DGW-7503-117/10";"wyborczy w gminie do 20 tys.";"1";"Czarny";"Dariusz";"M";"43";"wyższe";"członek Platformy Obywatelskiej Rzeczypospolitej Polskiej";;"080703";"Słońsk";"Słońsk";;"N";"957";"44,89"
"1";"Gorzów Wielkopolski";"miasto na prawach powiatu";"086101";"President";"KOMITET WYBORCZY PRAWO I SPRAWIEDLIWOŚĆ";"ZPOW-7500-12/10";"partia";"4";"Rafalska";"Elżbieta";"K";"55";"wyższe";"członek Prawa i Sprawiedliwości";;"086101";"Gorzów Wielkopolski";"Gorzów Wlkp.";;"N";"7060";"18,78"
"1";"Żary";"gmina do 20 tyś.";"081110";"Reeve";"KOMITET WYBORCZY WYBORCÓW WIESŁAWA POLITA";"DZG-7503-29/10";"wyborczy w gminie do 20 tys.";"5";"Polit";"Wiesław";"M";"44";"wyższe";;;"081110";"Żary";"Lubanice";;"2";"1498";"37,43"
"1";"Stare Kurowo";"gmina do 20 tyś.";"080603";"Reeve";"KOMITET WYBORCZY WYBORCÓW ""ODNOWA GMINY STARE KUROWO""";"DGW-7503-17/10";"wyborczy w gminie do 20 tys.";"2";"Sokołowski";"Robert";"M";"44";"wyższe";;;"080603";"Stare Kurowo";"Stare Kurowo";;"N";"144";"7,75"
"1";"Stare Kurowo";"gmina do 20 tyś.";"080603";"Reeve";"KOMITET WYBORCZY WYBORCÓW JERZEGO MAKSYMOWICZA";"DGW-7503-73/10";"wyborczy w gminie do 20 tys.";"1";"Maksymowicz";"Jerzy Zbigniew";"M";"58";"wyższe";;;"080603";"Stare Kurowo";"Stare Kurowo";;"N";"200";"10,76"
"1";"Nowogród Bobrzański";"gmina do 20 tyś.";"080905";"Mayor";"KOMITET WYBORCZY WYBORCÓW ODRODZENIA GMINY NOWOGRÓD BOBRZAŃSKI";"DZG-7503-56/10";"wyborczy w gminie do 20 tys.";"3";"JURSZA";"ELŻBIETA";"K";"48";"ŚREDNIE";;;"080905";"Nowogród Bobrzański";"NOWOGRÓD BOBRZAŃSKI";;"N";"85";"2,21"
"1";"Słubice";"gmina do 20 tyś.";"080505";"Mayor";"KOMITET WYBORCZY WYBORCÓW NASZA GMINA";"DGW-7503-38/10";"wyborczy w gminie do 20 tys.";"5";"Półtorak";"Marek Jerzy";"M";"52";"wyższe";"członek Prawa i Sprawiedliwości";;"080505";"Słubice";"Słubice";;"N";"181";"2,38"
"1";"Słubice";"gmina do 20 tyś.";"080505";"Mayor";"KOMITET WYBORCZY WYBORCÓW SŁUBICZANIE.PL";"DGW-7503-25/10";"wyborczy w gminie do 20 tys.";"3";"Lesicki";"Dariusz Marek";"M";"38";"wyższe";"członek Sojuszu Lewicy Demokratycznej";;"080505";"Słubice";"Kunowice";;"N";"2291";"30,07"
"1";"Słubice";"gmina do 20 tyś.";"080505";"Mayor";"KOMITET WYBORCZY WYBORCÓW SŁUBICZANIE RAZEM";"DGW-7503-100/10";"wyborczy w gminie do 20 tys.";"2";"Ciszewicz";"Tomasz Zbigniew";"M";"42";"wyższe";;;"080505";"Słubice";"Słubice";;"2";"2554";"33,53"
"1";"Przytoczna";"gmina do 20 tyś.";"080303";"Reeve";"KOMITET WYBORCZY WYBORCÓW JANA PIASECKIEGO";"DGW-7503-97/10";"wyborczy w gminie do 20 tys.";"3";"Piasecki";"Jan";"M";"49";"średnie";;;"080303";"Przytoczna";"Krasne Dłusko";;"N";"336";"11,96"
"1";"Otyń";"gmina do 20 tyś.";"080407";"Reeve";"KOMITET WYBORCZY STOWARZYSZENIE ""POMOC SZKOLE W OTYNIU""";"DZG-7502-17/10";"organizacja";"3";"RATAJCZAK";"WIESŁAW";"M";"47";"WYŻSZE";;;"080407";"Otyń";"MODRZYCA";;"N";"443";"17,45"
"1";"Nowa Sól";"gmina pow. 20 tyś.";"080401";"President";"KOMITET WYBORCZY PLATFORMA OBYWATELSKA RP";"ZPOW-7500-10/10";"partia";"2";"Szablowska";"Maria Małgorzata";"K";"55";"wyższe";"członek Platformy Obywatelskiej Rzeczypospolitej Polskiej";;"080401";"Nowa Sól";"Nowa Sól";;"N";"926";"6,51"
"1";"Zwierzyn";"gmina do 20 tyś.";"080605";"Reeve";"KOMITET WYBORCZY WYBORCÓW POSTAWMY NA ROZWÓJ";"DGW-7503-71/10";"wyborczy w gminie do 20 tys.";"2";"Marć";"Tomasz Ferdynand";"M";"58";"wyższe";;;"080605";"Zwierzyn";"Zwierzyn";;"N";"693";"41,95"
"1";"Sulęcin";"gmina do 20 tyś.";"080704";"Mayor";"KOMITET WYBORCZY WYBORCÓW FORUM GMINNE";"DGW-7503-10/10";"wyborczy w gminie do 20 tys.";"1";"Deptuch";"Michał";"M";"58";"średnie";"członek Polskiego Stronnictwa Ludowego";"popierany przez Polskie Stronnictwo Ludowe";"080704";"Sulęcin";"Sulęcin";;"2";"2977";"47,56"
"1";"Siedlisko";"gmina do 20 tyś.";"080408";"Reeve";"KOMITET WYBORCZY POLSKIE STRONNICTWO LUDOWE";"ZPOW-7500-4/10";"partia";"2";"STRAUS";"DARIUSZ";"M";"42";"WYŻSZE EKONOMICZNE";"członek Polskiego Stronnictwa Ludowego";;"080408";"Siedlisko";"SIEDLISKO";;"T";"1001";"59,41"
"1";"Bytnica";"gmina do 20 tyś.";"080203";"Reeve";"KOMITET WYBORCZY PRAWO I SPRAWIEDLIWOŚĆ";"ZPOW-7500-12/10";"partia";"3";"Olejarz";"Maria Aniela";"K";"53";"średnie";"członek Prawa i Sprawiedliwości";;"080203";"Bytnica";"Krosno Odrzańskie";;"N";"92";"8,90"
"1";"Przewóz";"gmina do 20 tyś.";"081107";"Reeve";"KOMITET WYBORCZY WYBORCÓW GMINA - NASZ DOM";"DZG-7503-150/10";"wyborczy w gminie do 20 tys.";"1";"Klisowski";"Ryszard";"M";"51";"wyższe";;;"081107";"Przewóz";"Przewóz";;"T";"1014";"87,26"
"1";"Bojadła";"gmina do 20 tyś.";"080902";"Reeve";"KOMITET WYBORCZY WYBORCÓW NASZA GMINA BOJADŁA";"DZG-7503-32/10";"wyborczy w gminie do 20 tys.";"1";"Biliński";"Jacek";"M";"58";"średnie";;;"080902";"Bojadła";"BEŁCZE";;"N";"643";"41,56"
"1";"Bojadła";"gmina do 20 tyś.";"080902";"Reeve";"KOMITET WYBORCZY WYBORCÓW GRZEGORZA DOSZEL";"DZG-7503-3/10";"wyborczy w gminie do 20 tys.";"2";"Doszel";"Grzegorz Stanisław";"M";"33";"wyższe";;;"080902";"Bojadła";"BOJADŁA";;"T";"904";"58,44"
"1";"Bobrowice";"gmina do 20 tyś.";"080202";"Reeve";"KOMITET WYBORCZY WYBORCÓW TRADYCJA-EDUKACJA-ROZWÓJ";"DZG-7503-130/10";"wyborczy w gminie do 20 tys.";"5";"Szostakiewicz";"Henryk";"M";"53";"wyższe";"członek Platformy Obywatelskiej Rzeczypospolitej Polskiej";;"080202";"Bobrowice";"Bobrowice";;"N";"274";"16,85"
"1";"Sulechów";"gmina pow. 20 tyś.";"080906";"Mayor";"KOMITET WYBORCZY PRAWO I SPRAWIEDLIWOŚĆ";"ZPOW-7500-12/10";"partia";"3";"Retkiewicz";"Marek";"M";"47";"wyższe";"członek Prawa i Sprawiedliwości";;"080906";"Sulechów";"Sulechów";;"N";"477";"5,31"
"1";"Babimost";"gmina do 20 tyś.";"080901";"Mayor";"KOMITET WYBORCZY WYBORCÓW IRENEUSZA PLECHANA";"DZG-7503-143/10";"wyborczy w gminie do 20 tys.";"1";"PLECHAN";"IRENEUSZ HENRYK";"M";"55";"WYŻSZE";"członek Platformy Obywatelskiej Rzeczypospolitej Polskiej";;"080901";"Babimost";"BABIMOST";;"N";"1359";"45,47"
"1";"Babimost";"gmina do 20 tyś.";"080901";"Mayor";"KOMITET WYBORCZY WYBORCÓW ROZWÓJ I PRZYSZŁOŚĆ BABIMOJSZCZYZNY";"DZG-7503-17/10";"wyborczy w gminie do 20 tys.";"2";"RADNY";"BERNARD MIECZYSŁAW";"M";"56";"WYŻSZE";;;"080901";"Babimost";"PODMOKLE WIELKIE";;"T";"1630";"54,53"
"1";"Bytnica";"gmina do 20 tyś.";"080203";"Reeve";"KOMITET WYBORCZY WYBORCÓW FORUM SAMORZĄDOWE GMINY BYTNICA";"DZG-7503-127/10";"wyborczy w gminie do 20 tys.";"2";"Krugliński";"Zdzisław Tadeusz";"M";"59";"średnie";;;"080203";"Bytnica";"Bytnica";;"2";"346";"33,46"
"1";"Dobiegniew";"gmina do 20 tyś.";"080601";"Mayor";"KOMITET WYBORCZY WYBORCÓW LESZKA WALOCHA";"DGW-7503-45/10";"wyborczy w gminie do 20 tys.";"1";"Waloch";"Leszek Stefan";"M";"51";"wyższe";;;"080601";"Dobiegniew";"Dobiegniew";;"T";"2399";"89,95"
"1";"Szprotawa";"gmina pow. 20 tyś.";"081007";"Mayor";"KOMITET WYBORCZY SOJUSZ LEWICY DEMOKRATYCZNEJ";"ZPOW-7500-8/10";"partia";"6";"Teler";"Zbigniew";"M";"62";"wyższe";"członek Sojuszu Lewicy Demokratycznej";;"081007";"Szprotawa";"Szprotawa";;"N";"982";"12,28"
"1";"Lubsko";"gmina do 20 tyś.";"081106";"Mayor";"KOMITET WYBORCZY FORUM SAMORZĄDOWE MIAST I GMIN POWIATU ŻARSKIEGO";"DZG-7502-2/10";"organizacja";"2";"BAKALARZ";"BOGDAN ADAM";"M";"48";"WYŻSZE";;;"081106";"Lubsko";"LUBSKO";;"T";"3331";"59,81"
"1";"Kolsko";"gmina do 20 tyś.";"080403";"Reeve";"KOMITET WYBORCZY WYBORCÓW HENRYKA MATYSIKA";"DZG-7503-52/10";"wyborczy w gminie do 20 tys.";"2";"Matysik";"Henryk Szczepan";"M";"54";"Wyższe";;;"302903";"Wolsztyn";"Wolsztyn";;"T";"1050";"82,48"
"1";"Maszewo";"gmina do 20 tyś.";"080207";"Reeve";"KOMITET WYBORCZY WYBORCÓW FORUM JANA HOŁYŃSKIEGO";"DZG-7503-60/10";"wyborczy w gminie do 20 tys.";"1";"Hołyński";"Jan";"M";"58";"średnie";;;"080206";"Krosno Odrzańskie";"Krosno Odrzańskie";;"N";"415";"31,34"
"1";"Bobrowice";"gmina do 20 tyś.";"080202";"Reeve";"KOMITET WYBORCZY WYBORCÓW MAŁA OJCZYZNA PONAD PODZIAŁAMI";"DZG-7503-40/10";"wyborczy w gminie do 20 tys.";"3";"Licki";"Jerzy";"M";"54";"wyższe";;;"080202";"Bobrowice";"Bobrowice";;"N";"201";"12,36"
"1";"Gubin";"gmina do 20 tyś.";"080201";"Mayor";"KOMITET WYBORCZY PLATFORMA OBYWATELSKA RP";"ZPOW-7500-10/10";"partia";"1";"Bartczak";"Bartłomiej Lesław";"M";"32";"wyższe";"członek Platformy Obywatelskiej Rzeczypospolitej Polskiej";;"080201";"Gubin";"Gubin";;"T";"4519";"79,46"
"1";"Trzebiechów";"gmina do 20 tyś.";"080908";"Reeve";"KOMITET WYBORCZY WYBORCÓW SAMORZĄD 2010";"DZG-7503-24/10";"wyborczy w gminie do 20 tys.";"1";"Drobek";"Stanisław";"M";"62";"wyższe";;;"080908";"Trzebiechów";"Ledno";;"T";"662";"53,91"
"1";"Bledzew";"gmina do 20 tyś.";"080301";"Reeve";"KOMITET WYBORCZY WYBORCÓW TADEUSZA TURKA";"DGW-7503-161/10";"wyborczy w gminie do 20 tys.";"1";"Turek";"Tadeusz";"M";"52";"wyższe";"członek Sojuszu Lewicy Demokratycznej";;"080301";"Bledzew";"Sokola Dąbrowa";;"N";"787";"42,15"
"1";"Bledzew";"gmina do 20 tyś.";"080301";"Reeve";"KOMITET WYBORCZY WYBORCÓW LESZKA ZIMNEGO";"DGW-7503-149/10";"wyborczy w gminie do 20 tys.";"2";"Zimny";"Leszek Kazimierz";"M";"60";"wyższe";;;"080301";"Bledzew";"Sokola Dąbrowa";;"T";"1080";"57,85"
"1";"Trzebiechów";"gmina do 20 tyś.";"080908";"Reeve";"KOMITET WYBORCZY WYBORCÓW PRAWO-PRAWDA";"DZG-7503-64/10";"wyborczy w gminie do 20 tys.";"2";"Kuna";"Anna Teresa";"K";"49";"wyższe";;;"080906";"Sulechów";"Sulechów";;"N";"566";"46,09"
"1";"Szczaniec";"gmina do 20 tyś.";"080804";"Reeve";"KOMITET WYBORCZY WYBORCÓW JEDNA GMINA";"DZG-7503-41/10";"wyborczy w gminie do 20 tys.";"1";"Sieńkowska";"Wiesława Małgorzata";"M";"44";"wyższe";;;"080804";"Szczaniec";"Smardzewo";;"N";"582";"35,19"
"1";"Żagań";"gmina pow. 20 tyś.";"081002";"Mayor";"KOMITET WYBORCZY PRAWO I SPRAWIEDLIWOŚĆ";"ZPOW-7500-12/10";"partia";"1";"Borowska";"Zofia Maria";"K";"52";"wyższe";"członek Prawa i Sprawiedliwości";;"081002";"Żagań";"Żagań";;"N";"768";"8,06"
"1";"Kożuchów";"gmina do 20 tyś.";"080404";"Mayor";"KOMITET WYBORCZY POLSKIE STRONNICTWO LUDOWE";"ZPOW-7500-4/10";"partia";"1";"MUSZYŃSKI";"ZYGMUNT ADAM";"M";"62";"WYŻSZE";"członek Polskiego Stronnictwa Ludowego";;"080404";"Kożuchów";"KOŻUCHÓW";;"N";"1268";"22,23"
"1";"Żagań";"gmina pow. 20 tyś.";"081002";"Mayor";"KOMITET WYBORCZY SOJUSZ LEWICY DEMOKRATYCZNEJ";"ZPOW-7500-8/10";"partia";"3";"Kopta";"Marek Zdzisław";"M";"54";"wyższe";"członek Sojuszu Lewicy Demokratycznej";;"081002";"Żagań";"Żagań";;"N";"910";"9,55"
"1";"Zielona Góra";"miasto na prawach powiatu";"086201";"President";"KOMITET WYBORCZY PRAWO I SPRAWIEDLIWOŚĆ";"ZPOW-7500-12/10";"partia";"2";"Materna";"Jerzy Marian";"M";"54";"wyższe";"członek Prawa i Sprawiedliwości";;"086201";"Zielona Góra";"Zielona Góra";;"N";"5297";"13,21"
"1";"Zielona Góra";"miasto na prawach powiatu";"086201";"President";"KOMITET WYBORCZY WYBORCÓW KLUB DEMOKRATYCZNY";"DZG-7503-131/10";"wyborczy";"4";"Ruszczyński";"Adam Romuald";"M";"54";"wyższe";"członek Stronnictwa Demokratycznego";;"086201";"Zielona Góra";"Zielona Góra";;"N";"658";"1,64"
"1";"Sława";"gmina do 20 tyś.";"081201";"Mayor";"KOMITET WYBORCZY WYBORCÓW DOBRA GMINA SŁAWA";"DZG-7503-54/10";"wyborczy w gminie do 20 tys.";"3";"Sadrakuła";"Cezary Roman";"M";"58";"wyższe";;;"081201";"Sława";"Radzyń";;"T";"2917";"62,60"
"1";"Łagów";"gmina do 20 tyś.";"080802";"Reeve";"KOMITET WYBORCZY WYBORCÓW RAZEM DLA GMINY ŁAGÓW";"DZG-7503-69/10";"wyborczy w gminie do 20 tys.";"1";"KALBARCZYK";"CZESŁAW JAN";"M";"50";"wyższe";;;"080802";"Łagów";"Kosobudz";;"N";"983";"43,25"
"1";"Sława";"gmina do 20 tyś.";"081201";"Mayor";"KOMITET WYBORCZY WYBORCÓW STOWARZYSZENIE ODNOWY SAMORZĄDU SŁAWA";"DZG-7503-30/10";"wyborczy";"2";"Olczyk";"Krzysztof";"M";"47";"wyższe";"członek Platformy Obywatelskiej Rzeczypospolitej Polskiej";;"081201";"Sława";"Sława";;"N";"1167";"25,04"
"1";"Dąbie";"gmina do 20 tyś.";"080204";"Reeve";"KOMITET WYBORCZY PLATFORMA OBYWATELSKA RP";"ZPOW-7500-10/10";"partia";"1";"Bryszewska";"Krystyna";"K";"51";"wyższe";"członek Platformy Obywatelskiej Rzeczypospolitej Polskiej";;"080206";"Krosno Odrzańskie";"Łochowice";;"T";"1481";"78,86"
"1";"Otyń";"gmina do 20 tyś.";"080407";"Reeve";"KOMITET WYBORCZY PLATFORMA OBYWATELSKA RP";"ZPOW-7500-10/10";"partia";"2";"POTĘGA";"GRZEGORZ MICHAŁ";"M";"38";"WYŻSZE";"członek Platformy Obywatelskiej Rzeczypospolitej Polskiej";;"080407";"Otyń";"NIEDORADZ";;"2";"890";"35,07"
"1";"Trzebiel";"gmina do 20 tyś.";"081108";"Reeve";"KOMITET WYBORCZY PLATFORMA OBYWATELSKA RP";"ZPOW-7500-10/10";"partia";"4";"Jasak";"Bartłomiej Kamil";"M";"27";"wyższe";;;"081108";"Trzebiel";"Trzebiel";;"N";"383";"15,58"
"1";"Trzebiel";"gmina do 20 tyś.";"081108";"Reeve";"KOMITET WYBORCZY WYBORCÓW MAREK IWLEW";"DZG-7503-118/10";"wyborczy w gminie do 20 tys.";"5";"Iwlew";"Marek";"M";"38";"wyższe";;;"081105";"Lipinki Łużyckie";"Suchleb";;"2";"981";"39,89"
"1";"Nowe Miasteczko";"gmina do 20 tyś.";"080406";"Mayor";"KOMITET WYBORCZY POLSKIE STRONNICTWO LUDOWE";"ZPOW-7500-4/10";"partia";"2";"Włodarczak";"Andrzej Karol";"M";"49";"średnie";"członek Polskiego Stronnictwa Ludowego";;"080406";"Nowe Miasteczko";"Rejów";;"N";"997";"40,68"
"1";"Nowa Sól";"gmina do 20 tyś.";"080405";"Reeve";"KOMITET WYBORCZY PRAWO I SPRAWIEDLIWOŚĆ";"ZPOW-7500-12/10";"partia";"2";"OWCZARZ";"EWA KATARZYNA";"K";"48";"WYŻSZE";;;"080405";"Nowa Sól";"LUBIĘCIN";;"N";"273";"12,78"
"1";"Lubrza";"gmina do 20 tyś.";"080801";"Reeve";"KOMITET WYBORCZY PLATFORMA OBYWATELSKA RP";"ZPOW-7500-10/10";"partia";"2";"Chmielewski";"Jan Tomasz";"M";"48";"wyższe";;;"080801";"Lubrza";"Lubrza";;"N";"75";"4,49"
"1";"Cybinka";"gmina do 20 tyś.";"080501";"Mayor";"KOMITET WYBORCZY WYBORCÓW WYBIERZMY LEPSZĄ PRZYSZŁOŚĆ DLA GMINY CYBINKA";"DGW-7503-134/10";"wyborczy w gminie do 20 tys.";"1";"Bycka";"Andrzej";"M";"40";"wyższe";"członek Platformy Obywatelskiej Rzeczypospolitej Polskiej";;"080501";"Cybinka";"Bieganów";;"N";"1183";"42,45"
"1";"Nowe Miasteczko";"gmina do 20 tyś.";"080406";"Mayor";"KOMITET WYBORCZY PLATFORMA OBYWATELSKA RP";"ZPOW-7500-10/10";"partia";"1";"Szkondziak";"Wiesław";"M";"54";"średnie";"członek Platformy Obywatelskiej Rzeczypospolitej Polskiej";;"080406";"Nowe Miasteczko";"Nowe Miasteczko";;"T";"1454";"59,32"
"1";"Trzciel";"gmina do 20 tyś.";"080306";"Mayor";"KOMITET WYBORCZY POLSKIE STRONNICTWO LUDOWE";"ZPOW-7500-4/10";"partia";"4";"Orzeszko";"Dariusz Robert";"M";"46";"wyższe";"członek Polskiego Stronnictwa Ludowego";"popierany przez Polskie Stronnictwo Ludowe";"080306";"Trzciel";"Trzciel";;"N";"488";"18,38"
"1";"Trzciel";"gmina do 20 tyś.";"080306";"Mayor";"KOMITET WYBORCZY WYBORCÓW NOWY TRZCIEL";"DGW-7503-120/10";"wyborczy w gminie do 20 tys.";"3";"Lisek";"Jerzy Kazimierz";"M";"66";"wyższe";;;"080306";"Trzciel";"Trzciel";;"N";"190";"7,16"
"1";"Sulęcin";"gmina do 20 tyś.";"080704";"Mayor";"KOMITET WYBORCZY PRAWO I SPRAWIEDLIWOŚĆ";"ZPOW-7500-12/10";"partia";"4";"Trzpis";"Bogdan Michał";"M";"51";"wyższe";"członek Prawa i Sprawiedliwości";;"080704";"Sulęcin";"Sulęcin";;"N";"296";"4,73"
"1";"Szprotawa";"gmina pow. 20 tyś.";"081007";"Mayor";"KOMITET WYBORCZY PLATFORMA OBYWATELSKA RP";"ZPOW-7500-10/10";"partia";"1";"Ganczar";"Ireneusz";"M";"47";"wyższe";"członek Platformy Obywatelskiej Rzeczypospolitej Polskiej";;"081007";"Szprotawa";"Siecieborzyce";;"N";"1129";"14,12"
"1";"Przytoczna";"gmina do 20 tyś.";"080303";"Reeve";"KOMITET WYBORCZY WYBORCÓW POROZUMIENIE";"DGW-7503-53/10";"wyborczy w gminie do 20 tys.";"1";"Jamrowska";"Agnieszka";"K";"41";"wyższe";"członek Platformy Obywatelskiej Rzeczypospolitej Polskiej";;"080305";"Skwierzyna";"Skwierzyna";;"2";"829";"29,51"
"1";"Trzciel";"gmina do 20 tyś.";"080306";"Mayor";"KOMITET WYBORCZY WYBORCÓW RYSZARDA KASPROWICZA";"DGW-7503-28/10";"wyborczy w gminie do 20 tys.";"2";"Kasprowicz";"Ryszard Kazimierz";"M";"54";"wyższe";;;"080306";"Trzciel";"Sierczynek";;"N";"216";"8,14"
"1";"Wschowa";"gmina pow. 20 tyś.";"081203";"Mayor";"KOMITET WYBORCZY WYBORCÓW MIŁOSZA CZOPKA";"DZG-7503-83/10";"wyborczy";"1";"Czopek";"Miłosz";"M";"37";"Wyższe";;;"081203";"Wschowa";"Wschowa";;"N";"1905";"21,25"
"1";"Trzciel";"gmina do 20 tyś.";"080306";"Mayor";"KOMITET WYBORCZY WYBORCÓW DOBRA GMINA";"DGW-7503-83/10";"wyborczy w gminie do 20 tys.";"5";"Pihan";"Józef";"M";"57";"wyższe";;;"080306";"Trzciel";"Łagowiec";;"2";"579";"21,81"
"1";"Trzciel";"gmina do 20 tyś.";"080306";"Mayor";"KOMITET WYBORCZY PLATFORMA OBYWATELSKA RP";"ZPOW-7500-10/10";"partia";"1";"Górna-Bobrowska";"Maria Jolanta";"K";"52";"wyższe";"członek Platformy Obywatelskiej Rzeczypospolitej Polskiej";;"080306";"Trzciel";"Trzciel";;"2";"1182";"44,52"
"1";"Lipinki Łużyckie";"gmina do 20 tyś.";"081105";"Reeve";"KOMITET WYBORCZY WYBORCÓW MICHAŁA MORŻAKA";"DZG-7503-82/10";"wyborczy w gminie do 20 tys.";"1";"Morżak";"Michał";"M";"56";"Wyższe";;;"081105";"Lipinki Łużyckie";"Lipinki Łużyckie";;"T";"1010";"81,06"
"1";"Żary";"gmina do 20 tyś.";"081110";"Reeve";"KOMITET WYBORCZY PRAWO I SPRAWIEDLIWOŚĆ";"ZPOW-7500-12/10";"partia";"2";"Łahucik";"Józef";"M";"50";"średnie";"członek Prawa i Sprawiedliwości";;"081110";"Żary";"Sieniawa Żarska";;"N";"149";"3,72"
"1";"Zabór";"gmina do 20 tyś.";"080909";"Reeve";"KOMITET WYBORCZY WYBORCÓW ODNOWA SPOŁECZEŃSTWO OBYWATELSKIE";"DZG-7503-92/10";"wyborczy w gminie do 20 tys.";"1";"Bukowiecki";"Andrzej";"M";"59";"Wyższe ekonomiczne";;;"080909";"Zabór";"Zabór";;"T";"948";"60,81"
"1";"Żagań";"gmina pow. 20 tyś.";"081002";"Mayor";"KOMITET WYBORCZY PLATFORMA OBYWATELSKA RP";"ZPOW-7500-10/10";"partia";"6";"Stawowczyk";"Grażyna";"K";"51";"wyższe";"członek Platformy Obywatelskiej Rzeczypospolitej Polskiej";;"081002";"Żagań";"Żagań";;"2";"2853";"29,94"
"1";"Zabór";"gmina do 20 tyś.";"080909";"Reeve";"KOMITET WYBORCZY WYBORCÓW GMINA XXI WIEKU";"DZG-7503-149/10";"wyborczy w gminie do 20 tys.";"2";"Gudzowski";"Stanisław Eugeniusz";"M";"56";"Średnie ekonomiczne";;;"080909";"Zabór";"Przytok";;"N";"611";"39,19"
"1";"Wschowa";"gmina pow. 20 tyś.";"081203";"Mayor";"KOMITET WYBORCZY WYBORCÓW POROZUMIENIE DLA ROZWOJU";"DZG-7503-2/10";"wyborczy";"3";"Mazur";"Zdzisław Stanisław";"M";"58";"Wyższe ekonomiczne";"członek Sojuszu Lewicy Demokratycznej";;"081203";"Wschowa";"Wschowa";;"2";"2965";"33,08"
"1";"Nowogród Bobrzański";"gmina do 20 tyś.";"080905";"Mayor";"KOMITET WYBORCZY WYBORCÓW ANDRZEJA BAWŁOWICZA";"DZG-7503-65/10";"wyborczy w gminie do 20 tys.";"1";"BAWŁOWICZ";"ANDRZEJ MIROSŁAW";"M";"49";"WYŻSZE";;;"080905";"Nowogród Bobrzański";"KACZENICE";;"2";"1695";"43,98"
"1";"Słubice";"gmina do 20 tyś.";"080505";"Mayor";"KOMITET WYBORCZY PLATFORMA OBYWATELSKA RP";"ZPOW-7500-10/10";"partia";"1";"Bodziacki";"Ryszard Krzysztof";"M";"51";"wyższe";"członek Platformy Obywatelskiej Rzeczypospolitej Polskiej";;"080505";"Słubice";"Słubice";;"2";"2430";"31,90"
"1";"Słubice";"gmina do 20 tyś.";"080505";"Mayor";"KOMITET WYBORCZY POLSKIE STRONNICTWO LUDOWE";"ZPOW-7500-4/10";"partia";"4";"Owsiak";"Leopold";"M";"54";"wyższe";"członek Polskiego Stronnictwa Ludowego";;"080505";"Słubice";"Słubice";;"N";"162";"2,13"
"1";"Kożuchów";"gmina do 20 tyś.";"080404";"Mayor";"KOMITET WYBORCZY WYBORCÓW POROZUMIENIE DLA KOZUCHOWA";"DZG-7503-173/10";"wyborczy w gminie do 20 tys.";"2";"OGRODNIK";"ANDRZEJ JACEK";"M";"48";"WYŻSZE";;;"080404";"Kożuchów";"KOŻUCHÓW";;"T";"2914";"51,10"
"1";"Maszewo";"gmina do 20 tyś.";"080207";"Reeve";"KOMITET WYBORCZY WYBORCÓW DARIUSZA JAROCIŃSKIEGO";"DZG-7503-94/10";"wyborczy w gminie do 20 tys.";"2";"Jarociński";"Dariusz Wojciech";"M";"51";"wyższe";;;"080207";"Maszewo";"Rybaki";;"T";"909";"68,66"
"1";"Świebodzin";"gmina pow. 20 tyś.";"080805";"Mayor";"KOMITET WYBORCZY FORUM SAMORZĄDOWE";"DZG-7502-4/10";"organizacja";"1";"Bekisz";"Dariusz Cezary";"M";"48";"wyższe";;;"080805";"Świebodzin";"Świebodzin";;"T";"5833";"59,22"
"1";"Skwierzyna";"gmina do 20 tyś.";"080305";"Mayor";"KOMITET WYBORCZY WYBORCÓW ROBERTA KULESZA""MIASTO Z WIZJĄ""";"DGW-7503-30/10";"wyborczy w gminie do 20 tys.";"2";"Kulesz";"Robert";"M";"38";"wyższe";"członek Platformy Obywatelskiej Rzeczypospolitej Polskiej";;"080305";"Skwierzyna";"Skwierzyna";;"N";"956";"18,40"
"1";"Iłowa";"gmina do 20 tyś.";"081004";"Mayor";"KOMITET WYBORCZY WYBORCÓW ADAMA GLINIAKA";"DZG-7503-105/10";"wyborczy w gminie do 20 tys.";"1";"Gliniak";"Adam Mieczysław";"M";"54";"wyższe";;;"081004";"Iłowa";"Konin Żagański";;"2";"1026";"35,75"
"1";"Sulechów";"gmina pow. 20 tyś.";"080906";"Mayor";"KOMITET WYBORCZY WYBORCÓW IZABELI WOJEWODY";"DZG-7503-86/10";"wyborczy";"4";"Wojewoda";"Izabela Katarzyna";"K";"34";"wyższe ekonomiczne";;;"080906";"Sulechów";"Sulechów";;"N";"2305";"25,66"
"1";"Sulechów";"gmina pow. 20 tyś.";"080906";"Mayor";"KOMITET WYBORCZY PLATFORMA OBYWATELSKA RP";"ZPOW-7500-10/10";"partia";"1";"Pająk";"Tadeusz";"M";"50";"wyższe";"członek Platformy Obywatelskiej Rzeczypospolitej Polskiej";;"080906";"Sulechów";"Sulechów";;"N";"1375";"15,31"
"1";"Przytoczna";"gmina do 20 tyś.";"080303";"Reeve";"KOMITET WYBORCZY POLSKIE STRONNICTWO LUDOWE";"ZPOW-7500-4/10";"partia";"4";"Piekarski";"Zbigniew Józef";"M";"48";"zawodowe";"członek Polskiego Stronnictwa Ludowego";"popierany przez Polskie Stronnictwo Ludowe";"080303";"Przytoczna";"Rokitno";;"N";"248";"8,83"
"1";"Krzeszyce";"gmina do 20 tyś.";"080701";"Reeve";"KOMITET WYBORCZY WYBORCÓW CZESŁAWA SYMERYAKA";"DGW-7503-49/10";"wyborczy w gminie do 20 tys.";"2";"Symeryak";"Czesław";"M";"60";"wyższe";;;"080701";"Krzeszyce";"Krzeszyce";;"T";"1224";"54,50"
"1";"Krzeszyce";"gmina do 20 tyś.";"080701";"Reeve";"KOMITET WYBORCZY POLSKIE STRONNICTWO LUDOWE";"ZPOW-7500-4/10";"partia";"1";"Peczkajtis";"Stanisław";"M";"53";"średnie";"członek Polskiego Stronnictwa Ludowego";;"080701";"Krzeszyce";"Krępiny";;"N";"1022";"45,50"
"1";"Wymiarki";"gmina do 20 tyś.";"081008";"Reeve";"KOMITET WYBORCZY WYBORCÓW POROZUMIENIE DLA ROZWOJU GMINY WYMIARKI I REGIONU BORY DOLNOŚLĄSKIE";"DZG-7503-139/10";"wyborczy w gminie do 20 tys.";"1";"Lubas";"Zdzisław";"M";"57";"wyższe";;;"081008";"Wymiarki";"Wymiarki";;"2";"444";"41,97"
"1";"Skwierzyna";"gmina do 20 tyś.";"080305";"Mayor";"KOMITET WYBORCZY WYBORCÓW ""NASZA WSPÓLNOTA""";"DGW-7503-103/10";"wyborczy w gminie do 20 tys.";"4";"Piotrowski";"Arkadiusz";"M";"50";"wyższe";;;"080305";"Skwierzyna";"Skwierzyna";;"N";"881";"16,95"
"1";"Wymiarki";"gmina do 20 tyś.";"081008";"Reeve";"KOMITET WYBORCZY WYBORCÓW CZAS NA ROZWÓJ";"DZG-7503-119/10";"wyborczy w gminie do 20 tys.";"2";"Noskowicz";"Zbigniew";"M";"61";"wyższe";;;"081008";"Wymiarki";"Wymiarki";;"N";"46";"4,35"
"1";"Nowa Sól";"gmina do 20 tyś.";"080405";"Reeve";"KOMITET WYBORCZY WYBORCÓW NASZA GMINA - NOWA SÓL";"DZG-7503-5/10";"wyborczy w gminie do 20 tys.";"3";"POGORZELSKI";"ANDRZEJ";"M";"58";"ŚREDNIE TECHNICZNE";;;"080405";"Nowa Sól";"PRZYBORÓW";;"N";"674";"31,55"
"1";"Nowa Sól";"gmina do 20 tyś.";"080405";"Reeve";"KOMITET WYBORCZY WYBORCÓW RAZEM GMINA NOWA SÓL";"DZG-7503-25/10";"wyborczy w gminie do 20 tys.";"1";"DYKIEL";"JAROSŁAW";"M";"42";"WYŻSZE";;;"080405";"Nowa Sól";"LUBIĘCIN";;"T";"1189";"55,66"
"1";"Gorzów Wielkopolski";"miasto na prawach powiatu";"086101";"President";"KOMITET WYBORCZY POLSKIE STRONNICTWO LUDOWE";"ZPOW-7500-4/10";"partia";"1";"Beda";"Hubert Piotr";"M";"31";"wyższe";"członek Polskiego Stronnictwa Ludowego";"popierany przez Polskie Stronnictwo Ludowe";"086101";"Gorzów Wielkopolski";"Gorzów Wlkp.";;"N";"459";"1,22"
"1";"Gorzów Wielkopolski";"miasto na prawach powiatu";"086101";"President";"KOMITET WYBORCZY WYBORCÓW TADEUSZA JĘDRZEJCZAKA - GORZÓW XXI W.";"DGW-7503-3/10";"wyborczy";"2";"Jędrzejczak";"Tadeusz";"M";"55";"wyższe";;;"080104";"Kłodawa";"Chwalęcice";;"T";"21702";"57,74"
"1";"Nowogród Bobrzański";"gmina do 20 tyś.";"080905";"Mayor";"KOMITET WYBORCZY WYBORCÓW ZDROWIE PRACA PRAWO";"DZG-7503-31/10";"wyborczy w gminie do 20 tys.";"5";"SUWAŁA";"BERNARD BRONISŁAW";"M";"50";"WYŻSZE PRAWNICZE";;;"080905";"Nowogród Bobrzański";"NOWOGRÓD BOBRZAŃSKI";;"N";"181";"4,70"
"1";"Santok";"gmina do 20 tyś.";"080106";"Reeve";"KOMITET WYBORCZY WYBORCÓW SANTOK 2010";"DGW-7503-66/10";"wyborczy w gminie do 20 tys.";"2";"Chudzik";"Stanisław Zbigniew";"M";"60";"wyższe";"członek Sojuszu Lewicy Demokratycznej";;"080106";"Santok";"Wawrów";;"T";"1688";"61,29"
"1";"Zbąszynek";"gmina do 20 tyś.";"080806";"Mayor";"KOMITET WYBORCZY FORUM SAMORZĄDOWE";"DZG-7502-4/10";"organizacja";"1";"Czyczerski";"Wiesław Kazimierz";"M";"53";"Wyższe";;;"080806";"Zbąszynek";"Zbąszynek";;"T";"2698";"86,59"
"1";"Kożuchów";"gmina do 20 tyś.";"080404";"Mayor";"KOMITET WYBORCZY WYBORCÓW ZIEMI KOŻUCHOWSKIEJ";"DZG-7503-88/10";"wyborczy w gminie do 20 tys.";"3";"STREP";"LESZEK";"M";"56";"WYŻSZE";;;"080404";"Kożuchów";"KOŻUCHÓW";;"N";"1521";"26,67"
"1";"Strzelce Krajeńskie";"gmina do 20 tyś.";"080604";"Mayor";"KOMITET WYBORCZY PRAWO I SPRAWIEDLIWOŚĆ";"ZPOW-7500-12/10";"partia";"2";"Grochala";"Wojciech";"M";"52";"wyższe";"członek Prawa i Sprawiedliwości";;"080603";"Stare Kurowo";"Rokitno";;"N";"307";"4,89"
"1";"Szprotawa";"gmina pow. 20 tyś.";"081007";"Mayor";"KOMITET WYBORCZY PRAWO I SPRAWIEDLIWOŚĆ";"ZPOW-7500-12/10";"partia";"2";"Murzydło";"Piotr Tadeusz";"M";"33";"średnie";"członek Prawa i Sprawiedliwości";;"081007";"Szprotawa";"Szprotawa";;"N";"215";"2,69"
"1";"Nowogród Bobrzański";"gmina do 20 tyś.";"080905";"Mayor";"KOMITET WYBORCZY WYBORCÓW GMINA NOWOGRÓD ODNOWA";"DZG-7503-27/10";"wyborczy w gminie do 20 tys.";"4";"KUJTKOWSKA";"MARZANNA NINA";"K";"46";"WYŻSZE";;;"080905";"Nowogród Bobrzański";"BOGACZÓW";;"N";"258";"6,69"
"1";"Nowogród Bobrzański";"gmina do 20 tyś.";"080905";"Mayor";"KOMITET WYBORCZY WYBORCÓW WSPÓLNA GMINA NOWOGRÓD";"DZG-7503-70/10";"wyborczy w gminie do 20 tys.";"2";"JANKOWSKI";"GRZEGORZ LUDWIK";"M";"64";"WYŻSZE";;;"080905";"Nowogród Bobrzański";"BOGACZÓW";;"2";"1635";"42,42"
"1";"Drezdenko";"gmina do 20 tyś.";"080602";"Mayor";"KOMITET WYBORCZY WYBORCÓW JANA KUCHOWICZA";"DGW-7503-164/10";"wyborczy w gminie do 20 tys.";"3";"Kuchowicz";"Jan Bernard";"M";"52";"wyższe";;;"080602";"Drezdenko";"Drezdenko";;"N";"476";"8,26"
"1";"Lubiszyn";"gmina do 20 tyś.";"080105";"Reeve";"KOMITET WYBORCZY WYBORCÓW WSPÓLNA GMINA LUBISZYN";"DGW-7503-26/10";"wyborczy w gminie do 20 tys.";"1";"Karwasz";"Tadeusz";"M";"53";"wyższe";;;"080105";"Lubiszyn";"Baczyna";;"2";"1052";"40,84"
"1";"Lubiszyn";"gmina do 20 tyś.";"080105";"Reeve";"KOMITET WYBORCZY WYBORCÓW ""WSPÓLNOTA""";"DGW-7503-47/10";"wyborczy w gminie do 20 tys.";"3";"Niekrewicz";"Daniel";"M";"36";"wyższe";;;"080105";"Lubiszyn";"Lubiszyn";;"2";"856";"33,23"
"1";"Lubiszyn";"gmina do 20 tyś.";"080105";"Reeve";"KOMITET WYBORCZY WYBORCÓW ""NASZA GMINA""";"DGW-7503-79/10";"wyborczy w gminie do 20 tys.";"4";"Piotrowski";"Tadeusz";"M";"60";"wyższe";;;"080105";"Lubiszyn";"Lubiszyn";"złożył następujące oświadczenie: byłem współpracownikiem organów bezpieczeństwa państwa w rozumieniu ustawy z dnia ustawy z dnia 18 października 2006 r. o ujawnianiu informacji o dokumentach organów bezpieczeństwa państwa z lat 1944-1990 oraz treści tych dokumentów (Dz. U z 2007 r. Nr 63, poz. 425, z późn. zm.)";"N";"293";"11,37"
"1";"Bogdaniec";"gmina do 20 tyś.";"080102";"Reeve";"KOMITET WYBORCZY WYBORCÓW BOGDANIEC 2002";"DGW-7503-102/10";"wyborczy w gminie do 20 tys.";"1";"Pławska";"Krystyna Irena";"K";"53";"wyższe";;;"080102";"Bogdaniec";"Bogdaniec";;"T";"1814";"82,83"
"1";"Międzyrzecz";"gmina pow. 20 tyś.";"080302";"Mayor";"KOMITET WYBORCZY PLATFORMA OBYWATELSKA RP";"ZPOW-7500-10/10";"partia";"5";"Sierpatowski";"Marian";"M";"58";"wyższe";"członek Platformy Obywatelskiej Rzeczypospolitej Polskiej";;"080302";"Międzyrzecz";"Międzyrzecz";;"N";"1377";"14,12"
"1";"Kargowa";"gmina do 20 tyś.";"080904";"Mayor";"KOMITET WYBORCZY WYBORCÓW KARGOWSKI BLOK WYBORCZY";"DZG-7503-58/10";"wyborczy w gminie do 20 tys.";"2";"Kłys";"Janusz";"M";"54";"wyższe";;;"080904";"Kargowa";"Chwalim";;"N";"1167";"41,99"
"1";"Szczaniec";"gmina do 20 tyś.";"080804";"Reeve";"KOMITET WYBORCZY FORUM SAMORZĄDOWE";"DZG-7502-4/10";"organizacja";"2";"Walkowiak";"Ryszard";"M";"55";"wyższe";;;"080804";"Szczaniec";"Szczaniec";;"T";"1072";"64,81"
"1";"Lipinki Łużyckie";"gmina do 20 tyś.";"081105";"Reeve";"KOMITET WYBORCZY WYBORCÓW RAFAŁA WINTER";"DZG-7503-146/10";"wyborczy w gminie do 20 tys.";"2";"Winter";"Rafał Jan";"M";"28";"średnie";;;"081105";"Lipinki Łużyckie";"Lipinki Łużyckie";;"N";"236";"18,94"
"1";"Lubiszyn";"gmina do 20 tyś.";"080105";"Reeve";"KOMITET WYBORCZY WYBORCÓW ""RAZEM DLA GMINY LUBISZYN""";"DGW-7503-6/10";"wyborczy w gminie do 20 tys.";"2";"Leśniewski";"Eugeniusz";"M";"55";"średnie";;;"080105";"Lubiszyn";"Kozin";;"N";"375";"14,56"
"1";"Międzyrzecz";"gmina pow. 20 tyś.";"080302";"Mayor";"KOMITET WYBORCZY WYBORCÓW WOJCIECHA WŁODARSKIEGO";"DGW-7503-78/10";"wyborczy";"7";"Włodarski";"Wojciech Marek";"M";"40";"wyższe";;;"080302";"Międzyrzecz";"Międzyrzecz";;"N";"519";"5,32"
"1";"Międzyrzecz";"gmina pow. 20 tyś.";"080302";"Mayor";"KOMITET WYBORCZY WYBORCÓW POROZUMIENIE MIĘDZYRZECZ";"DGW-7503-93/10";"wyborczy";"1";"Dubicki";"Tadeusz";"M";"63";"wyższe techniczne";;;"080302";"Międzyrzecz";"Międzyrzecz";;"2";"3645";"37,37"
"1";"Międzyrzecz";"gmina pow. 20 tyś.";"080302";"Mayor";"KOMITET WYBORCZY WYBORCÓW ZBIGNIEWA SMEJLISA";"DGW-7503-5/10";"wyborczy";"6";"Smejlis";"Zbigniew";"M";"46";"wyższe";;;"080302";"Międzyrzecz";"Nietoperek";;"2";"1786";"18,31"
"1";"Brzeźnica";"gmina do 20 tyś.";"081003";"Reeve";"KOMITET WYBORCZY WYBORCÓW JERZEGO ADAMOWICZA";"DZG-7503-85/10";"wyborczy w gminie do 20 tys.";"1";"Adamowicz";"Jerzy";"M";"55";"wyższe";;;"081003";"Brzeźnica";"Chotków";;"T";"1037";"64,61"
"1";"Torzym";"gmina do 20 tyś.";"080705";"Mayor";"KOMITET WYBORCZY WYBORCÓW NASZA MAŁA OJCZYZNA";"DGW-7503-27/10";"wyborczy w gminie do 20 tys.";"2";"Stanulewicz";"Ryszard";"M";"46";"wyższe";;;"080705";"Torzym";"Torzym";;"T";"1315";"55,96"
"1";"Drezdenko";"gmina do 20 tyś.";"080602";"Mayor";"KOMITET WYBORCZY WYBORCÓW MACIEJA PIETRUSZAKA";"DGW-7503-124/10";"wyborczy w gminie do 20 tys.";"4";"Pietruszak";"Maciej";"M";"52";"wyższe";"członek Platformy Obywatelskiej Rzeczypospolitej Polskiej";;"080602";"Drezdenko";"Drezdenko";;"2";"2534";"43,95"
"1";"Drezdenko";"gmina do 20 tyś.";"080602";"Mayor";"KOMITET WYBORCZY WYBORCÓW LECHA CABLA";"DGW-7503-43/10";"wyborczy w gminie do 20 tys.";"1";"Cabel";"Lech Jerzy";"M";"54";"wyższe";"członek Sojuszu Lewicy Demokratycznej";;"080602";"Drezdenko";"Drezdenko";;"N";"381";"6,61"
"1";"Drezdenko";"gmina do 20 tyś.";"080602";"Mayor";"KOMITET WYBORCZY WYBORCÓW EDWARDA TYRANOWICZA";"DGW-7503-96/10";"wyborczy w gminie do 20 tys.";"5";"Tyranowicz";"Edward Kazimierz";"M";"59";"wyższe";"członek Polskiego Stronnictwa Ludowego";;"080602";"Drezdenko";"Niegosław";;"2";"1612";"27,96"
"1";"Przytoczna";"gmina do 20 tyś.";"080303";"Reeve";"KOMITET WYBORCZY WYBORCÓW FORUM GMINY";"DGW-7503-88/10";"wyborczy w gminie do 20 tys.";"2";"Kucharyk";"Bartłomiej Jerzy";"M";"29";"wyższe";;;"080303";"Przytoczna";"Przytoczna";;"2";"1396";"49,70"
"1";"Szlichtyngowa";"gmina do 20 tyś.";"081202";"Mayor";"KOMITET WYBORCZY WYBORCÓW PRZYJAZNA GMINA";"DZG-7503-13/10";"wyborczy w gminie do 20 tys.";"2";"Wardecki";"Jan Wiesław";"M";"55";"wyższe";;;"081202";"Szlichtyngowa";"Szlichtyngowa";;"T";"1380";"67,19"
"1";"Kłodawa";"gmina do 20 tyś.";"080104";"Reeve";"KOMITET WYBORCZY WYBORCÓW KRZYSZTOFA HURKI";"DGW-7503-107/10";"wyborczy w gminie do 20 tys.";"1";"Hurka";"Krzysztof";"M";"53";"wyższe";;;"080104";"Kłodawa";"Różanki";;"N";"353";"11,35"
"1";"Bobrowice";"gmina do 20 tyś.";"080202";"Reeve";"KOMITET WYBORCZY PLATFORMA OBYWATELSKA RP";"ZPOW-7500-10/10";"partia";"2";"Kowsz";"Bogdan Lech";"M";"55";"średnie";"członek Platformy Obywatelskiej Rzeczypospolitej Polskiej";;"080206";"Krosno Odrzańskie";"Kamień";;"N";"70";"4,31"
"1";"Świebodzin";"gmina pow. 20 tyś.";"080805";"Mayor";"KOMITET WYBORCZY WYBORCÓW NASZA GMINA I POWIAT";"DZG-7503-9/10";"wyborczy";"2";"Burnos";"Zbigniew Kazimierz";"M";"56";"wyższe";;;"080805";"Świebodzin";"Świebodzin";;"N";"2297";"23,32"
"1";"Gubin";"gmina do 20 tyś.";"080205";"Reeve";"KOMITET WYBORCZY PLATFORMA OBYWATELSKA RP";"ZPOW-7500-10/10";"partia";"3";"Hadada";"Jacek Zbysław";"M";"51";"wyższe";"członek Platformy Obywatelskiej Rzeczypospolitej Polskiej";;"080205";"Gubin";"Bieżyce";;"N";"845";"26,24"
"1";"Kargowa";"gmina do 20 tyś.";"080904";"Mayor";"KOMITET WYBORCZY WYBORCÓW SEBASTIAN CIEMNOCZOŁOWSKI";"DZG-7503-96/10";"wyborczy w gminie do 20 tys.";"1";"Ciemnoczołowski";"Sebastian Sylwester";"M";"34";"wyższe";"członek Platformy Obywatelskiej Rzeczypospolitej Polskiej";;"080904";"Kargowa";"Chwalim";;"T";"1612";"58,01"
"1";"Bytnica";"gmina do 20 tyś.";"080203";"Reeve";"KOMITET WYBORCZY WYBORCÓW PRZYJAZNA I PIĘKNA GMINA BYTNICA";"DZG-7503-101/10";"wyborczy w gminie do 20 tys.";"4";"Olgrzymek";"Leszek Piotr";"M";"60";"wyższe";;;"080203";"Bytnica";"Dobrosułów";;"2";"457";"44,20"
"1";"Lubniewice";"gmina do 20 tyś.";"080702";"Mayor";"KOMITET WYBORCZY WYBORCÓW WSPÓLNA GMINA";"DGW-7503-80/10";"wyborczy w gminie do 20 tys.";"2";"Jaśnikowski";"Mirosław Paweł";"M";"53";"wyższe";;;"080702";"Lubniewice";"Lubniewice";;"N";"557";"35,23"
"1";"Strzelce Krajeńskie";"gmina do 20 tyś.";"080604";"Mayor";"KOMITET WYBORCZY POLSKIE STRONNICTWO LUDOWE";"ZPOW-7500-4/10";"partia";"3";"Leśkiewicz-Dudek";"Daniela";"K";"29";"wyższe";;;"080604";"Strzelce Krajeńskie";"Strzelce Krajeńskie";;"N";"881";"14,04"
"1";"Zielona Góra";"miasto na prawach powiatu";"086201";"President";"KOMITET WYBORCZY SOJUSZ LEWICY DEMOKRATYCZNEJ";"ZPOW-7500-8/10";"partia";"1";"Kubicki";"Janusz Krzysztof";"M";"41";"Wyższe";"członek Sojuszu Lewicy Demokratycznej";;"086201";"Zielona Góra";"Zielona Góra";;"T";"26006";"64,87"
"1";"Sulęcin";"gmina do 20 tyś.";"080704";"Mayor";"KOMITET WYBORCZY WYBORCÓW PRZYMIERZE";"DGW-7503-35/10";"wyborczy";"3";"Kubiak";"Stanisław Ryszard";"M";"52";"wyższe";"członek Platformy Obywatelskiej Rzeczypospolitej Polskiej";;"080704";"Sulęcin";"Sulęcin";;"N";"1205";"19,25"
"1";"Kostrzyn nad Odrą";"gmina do 20 tyś.";"080101";"Mayor";"KOMITET WYBORCZY PRAWO I SPRAWIEDLIWOŚĆ";"ZPOW-7500-12/10";"partia";"1";"Jaszcz";"Mieczysław";"M";"55";"średnie";"członek Prawa i Sprawiedliwości";;"080101";"Kostrzyn nad Odrą";"Kostrzyn nad Odrą";;"N";"527";"8,87"
"1";"Krosno Odrzańskie";"gmina do 20 tyś.";"080206";"Mayor";"KOMITET WYBORCZY WYBORCÓW FORUM ANDRZEJA CHINALSKIEGO";"DZG-7503-36/10";"wyborczy w gminie do 20 tys.";"2";"Chinalski";"Andrzej Ryszard";"M";"58";"wyższe";;;"080206";"Krosno Odrzańskie";"Osiecznica";;"2";"3451";"44,81"
"1";"Świdnica";"gmina do 20 tyś.";"080907";"Reeve";"KOMITET WYBORCZY WYBORCÓW NASZ WYBÓR";"DZG-7503-16/10";"wyborczy w gminie do 20 tys.";"1";"Gałwa";"Marek Paweł";"M";"47";"wyższe";;;"080907";"Świdnica";"Świdnica";;"N";"1019";"42,35"
"1";"Żary";"gmina do 20 tyś.";"081110";"Reeve";"KOMITET WYBORCZY WYBORCÓW JANA DŻYGI";"DZG-7503-35/10";"wyborczy w gminie do 20 tys.";"1";"Dżyga";"Jan";"M";"71";"średnie";;;"081110";"Żary";"Olbrachtów";;"N";"765";"19,12"
"1";"Stare Kurowo";"gmina do 20 tyś.";"080603";"Reeve";"KOMITET WYBORCZY WYBORCÓW ""FORUM GMINY STARE KUROWO""";"DGW-7503-51/10";"wyborczy w gminie do 20 tys.";"3";"Własak";"Wiesław";"M";"57";"wyższe";;;"080603";"Stare Kurowo";"Stare Kurowo";;"T";"1515";"81,50"
"1";"Kostrzyn nad Odrą";"gmina do 20 tyś.";"080101";"Mayor";"KOMITET WYBORCZY WYBORCÓW ANDRZEJA KUNTA";"DGW-7503-68/10";"wyborczy";"2";"Kunt";"Andrzej Ludwik";"M";"56";"wyższe";;;"080101";"Kostrzyn nad Odrą";"Kostrzyn nad Odrą";;"T";"4111";"69,19"
"1";"Gubin";"gmina do 20 tyś.";"080205";"Reeve";"KOMITET WYBORCZY WYBORCÓW INICJATYWA OBYWATELSKA";"DZG-7503-18/10";"wyborczy w gminie do 20 tys.";"2";"Barski";"Zbigniew Waldemar";"M";"49";"Wyższe";;;"080201";"Gubin";"Gubin";;"2";"943";"29,29"
"1";"Żary";"gmina do 20 tyś.";"081110";"Reeve";"KOMITET WYBORCZY POLSKIE STRONNICTWO LUDOWE";"ZPOW-7500-4/10";"partia";"3";"Mrożek";"Leszek, Piotr";"M";"42";"wyższe";;"popierany przez Platformę Obywatelską Rzeczypospolitej Polskiej";"081110";"Żary";"Olbrachtów";;"2";"1041";"26,01"
"1";"Czerwieńsk";"gmina do 20 tyś.";"080903";"Mayor";"KOMITET WYBORCZY WYBORCÓW SOLIDNOŚĆ DLA MIASTA I GMINY CZERWIEŃSK";"DZG-7503-99/10";"wyborczy w gminie do 20 tys.";"1";"Gołębiowska-Magda";"Dorota Agata";"K";"33";"wyższe";;;"080903";"Czerwieńsk";"Czerwieńsk";;"N";"1171";"33,57"
"1";"Gubin";"gmina do 20 tyś.";"080205";"Reeve";"KOMITET WYBORCZY WYBORCÓW WSPÓLNA GMINA GUBIN";"DZG-7503-48/10";"wyborczy w gminie do 20 tys.";"4";"Puszkarski";"Piotr";"M";"45";"Wyższe";;;"080201";"Gubin";"Gubin";;"N";"572";"17,76"
"1";"Łęknica";"gmina do 20 tyś.";"081101";"Mayor";"KOMITET WYBORCZY FORUM SAMORZĄDOWE MIAST I GMIN POWIATU ŻARSKIEGO";"DZG-7502-2/10";"organizacja";"1";"Bieniasz";"Jan Władysław";"M";"54";"średnie";;;"081101";"Łęknica";"Łęknica";;"T";"553";"64,08"
"1";"Strzelce Krajeńskie";"gmina do 20 tyś.";"080604";"Mayor";"KOMITET WYBORCZY WYBORCÓW TADEUSZA FEDERA";"DGW-7503-19/10";"wyborczy w gminie do 20 tys.";"1";"Feder";"Tadeusz";"M";"52";"wyższe";;;"080604";"Strzelce Krajeńskie";"Strzelce Krajeńskie";;"T";"5087";"81,07"
"1";"Trzebiel";"gmina do 20 tyś.";"081108";"Reeve";"KOMITET WYBORCZY WYBORCÓW EWA DOLACZYŃSKA-PĘCIAK";"DZG-7503-11/10";"wyborczy w gminie do 20 tys.";"1";"Dolaczyńska";"Ewa Marzena";"K";"43";"średnie techniczne";;;"081108";"Trzebiel";"Nowe Czaple";;"2";"423";"17,20"
"1";"Trzebiel";"gmina do 20 tyś.";"081108";"Reeve";"KOMITET WYBORCZY WYBORCÓW PIOTRA HARACZA";"DZG-7503-38/10";"wyborczy w gminie do 20 tys.";"2";"Haracz";"Piotr Stanisław";"M";"34";"wyższe";"członek Prawa i Sprawiedliwości";;"081108";"Trzebiel";"Trzebiel";;"N";"240";"9,76"
"1";"Brody";"gmina do 20 tyś.";"081103";"Reeve";"KOMITET WYBORCZY FORUM SAMORZĄDOWE MIAST I GMIN POWIATU ŻARSKIEGO";"DZG-7502-2/10";"organizacja";"2";"Wilkowiecki";"Zbigniew Hubert";"M";"55";"Wyższe";;;"081103";"Brody";"Zasieki";;"2";"552";"39,54"
"1";"Czerwieńsk";"gmina do 20 tyś.";"080903";"Mayor";"KOMITET WYBORCZY WYBORCÓW NA RZECZ GMINY I MIASTA CZERWIEŃSK";"DZG-7503-49/10";"wyborczy w gminie do 20 tys.";"2";"Iwanus";"Piotr";"M";"52";"średnie techniczne";;;"080903";"Czerwieńsk";"Leśniów Wielki";;"T";"2317";"66,43"
"1";"Bobrowice";"gmina do 20 tyś.";"080202";"Reeve";"KOMITET WYBORCZY WYBORCÓW RODZINA-GMINA-OJCZYZNA";"DZG-7503-45/10";"wyborczy w gminie do 20 tys.";"4";"Rochmiński";"Andrzej";"M";"51";"wyższe";"członek Prawa i Sprawiedliwości";;"080202";"Bobrowice";"Bronków";;"2";"592";"36,41"
"1";"Ośno Lubuskie";"gmina do 20 tyś.";"080503";"Mayor";"KOMITET WYBORCZY WYBORCÓW ""POROZUMIENIE""";"DGW-7503-1/10";"wyborczy w gminie do 20 tys.";"2";"Pilimon";"Edmund";"M";"55";"wyższe";"członek Polskiego Stronnictwa Ludowego";;"080503";"Ośno Lubuskie";"Radachów";;"N";"1554";"44,77"
"1";"Drezdenko";"gmina do 20 tyś.";"080602";"Mayor";"KOMITET WYBORCZY WYBORCÓW MOJE MIASTO DREZDENKO";"DGW-7503-166/10";"wyborczy w gminie do 20 tys.";"2";"Korycka";"Katarzyna Marzena";"K";"39";"wyższe";;;"080602";"Drezdenko";"Drezdenko";;"N";"762";"13,22"
"1";"Gorzów Wielkopolski";"miasto na prawach powiatu";"086101";"President";"KOMITET WYBORCZY WYBORCÓW RADZIŃSKI";"DGW-7503-85/10";"wyborczy";"3";"Radziński";"Artur Jan";"M";"51";"wyższe";;;"086101";"Gorzów Wielkopolski";"Gorzów Wlkp.";;"N";"1693";"4,50"
"1";"Szlichtyngowa";"gmina do 20 tyś.";"081202";"Mayor";"KOMITET WYBORCZY WYBORCÓW NASZE MIASTO I GMINA SZLICHTYNGOWA";"DZG-7503-164/10";"wyborczy w gminie do 20 tys.";"1";"Maśliński";"Tadeusz Wojciech";"M";"34";"wyższe";;;"081202";"Szlichtyngowa";"Górczyna";;"N";"674";"32,81"
"1";"Skwierzyna";"gmina do 20 tyś.";"080305";"Mayor";"KOMITET WYBORCZY WYBORCÓW SKWIERZYNA ZASŁUGUJE NA WIĘCEJ";"DGW-7503-153/10";"wyborczy w gminie do 20 tys.";"1";"Kubiec";"Małgorzata Łucja";"K";"49";"wyższe humanistyczne";;;"086101";"Gorzów Wielkopolski";"Gorzów Wielkopolski";;"N";"398";"7,66"
"1";"Deszczno";"gmina do 20 tyś.";"080103";"Reeve";"KOMITET WYBORCZY WYBORCÓW JACKA WÓJCICKIEGO";"DGW-7503-32/10";"wyborczy w gminie do 20 tys.";"1";"Wójcicki";"Jacek Piotr";"M";"29";"wyższe";;;"080103";"Deszczno";"Deszczno";;"T";"2458";"90,63"
"1";"Szprotawa";"gmina pow. 20 tyś.";"081007";"Mayor";"KOMITET WYBORCZY SZANSA DLA SZPROTAWY";"DZG-7502-10/10";"organizacja";"3";"Popieniuk";"Zdzisław";"M";"50";"wyższe";"członek Prawa i Sprawiedliwości";;"081007";"Szprotawa";"Szprotawa";;"N";"648";"8,11"
"1";"Skwierzyna";"gmina do 20 tyś.";"080305";"Mayor";"KOMITET WYBORCZY POLSKIE STRONNICTWO LUDOWE";"ZPOW-7500-4/10";"partia";"3";"Libera";"Michał Jerzy";"M";"63";"wyższe";"członek Polskiego Stronnictwa Ludowego";"popierany przez Polskie Stronnictwo Ludowe";"080305";"Skwierzyna";"Skwierzyna";;"N";"233";"4,48"
"1";"Niegosławice";"gmina do 20 tyś.";"081006";"Reeve";"KOMITET WYBORCZY PLATFORMA OBYWATELSKA RP";"ZPOW-7500-10/10";"partia";"2";"Towpik";"Czesław Jan";"M";"52";"średnie";"członek Platformy Obywatelskiej Rzeczypospolitej Polskiej";;"081006";"Niegosławice";"Mycielin";;"N";"407";"23,65"
"1";"Łagów";"gmina do 20 tyś.";"080802";"Reeve";"KOMITET WYBORCZY WYBORCÓW DLA ROZWOJU GMINY";"DZG-7503-154/10";"wyborczy w gminie do 20 tys.";"2";"OLESZKIEWICZ";"ANTONI RYSZARD";"M";"59";"wyższe";;;"080802";"Łagów";"Zielona Góra";;"T";"1290";"56,75"
"1";"Gubin";"gmina do 20 tyś.";"080205";"Reeve";"KOMITET WYBORCZY WYBORCÓW  SPOŁECZNA RADA SOŁTYSÓW";"DZG-7503-28/10";"wyborczy w gminie do 20 tys.";"1";"Aksamitowski";"Edward";"M";"64";"wyższe";;;"080205";"Gubin";"Stargard Gubiński";;"2";"860";"26,71"
"1";"Żary";"gmina pow. 20 tyś.";"081102";"Mayor";"KOMITET WYBORCZY PRAWO I SPRAWIEDLIWOŚĆ";"ZPOW-7500-12/10";"partia";"4";"Niekało";"Krzysztof";"M";"38";"wyższe";"członek Prawa i Sprawiedliwości";;"081102";"Żary";"Żary";;"N";"591";"4,67"
"1";"Międzyrzecz";"gmina pow. 20 tyś.";"080302";"Mayor";"KOMITET WYBORCZY POLSKIE STRONNICTWO LUDOWE";"ZPOW-7500-4/10";"partia";"4";"Plewa";"Zofia Teresa";"K";"58";"średnie";"członek Polskiego Stronnictwa Ludowego";;"080302";"Międzyrzecz";"Międzyrzecz";;"N";"620";"6,36"
"1";"Międzyrzecz";"gmina pow. 20 tyś.";"080302";"Mayor";"KOMITET WYBORCZY PRAWO I SPRAWIEDLIWOŚĆ";"ZPOW-7500-12/10";"partia";"2";"Grabarek";"Grzegorz";"M";"52";"średnie";"członek Prawa i Sprawiedliwości";;"080301";"Bledzew";"Nowa Wieś";;"N";"264";"2,71"
"1";"Międzyrzecz";"gmina pow. 20 tyś.";"080302";"Mayor";"KOMITET WYBORCZY WYBORCÓW FORUM INICJATYW";"DGW-7503-136/10";"wyborczy";"3";"Lorenz";"Remigiusz Roch";"M";"35";"wyższe";"członek Platformy Obywatelskiej Rzeczypospolitej Polskiej";;"080302";"Międzyrzecz";"Bobowicko";;"N";"1542";"15,81"
"1";"Trzebiel";"gmina do 20 tyś.";"081108";"Reeve";"KOMITET WYBORCZY FORUM SAMORZĄDOWE MIAST I GMIN POWIATU ŻARSKIEGO";"DZG-7502-2/10";"organizacja";"6";"Frankowski";"Roman Czesław";"M";"40";"wyższe";;;"081110";"Żary";"Lubomyśl";;"N";"139";"5,65"
"1";"Zwierzyn";"gmina do 20 tyś.";"080605";"Reeve";"KOMITET WYBORCZY WYBORCÓW RAZEM DLA GMINY ZWIERZYN";"DGW-7503-112/10";"wyborczy w gminie do 20 tys.";"1";"Krzyżanowski";"Eugeniusz";"M";"58";"średnie techniczne";"członek Polskiego Stronnictwa Ludowego";;"080605";"Zwierzyn";"Górki Noteckie";;"T";"959";"58,05"
"1";"Santok";"gmina do 20 tyś.";"080106";"Reeve";"KOMITET WYBORCZY WYBORCÓW GMINA SANTOK - NASZA MAŁA OJCZYZNA";"DGW-7503-141/10";"wyborczy w gminie do 20 tys.";"3";"Kubiesa";"Sylwia Teresa";"K";"41";"wyższe";;;"080106";"Santok";"Czechów";;"N";"657";"23,86"
"1";"Żary";"gmina pow. 20 tyś.";"081102";"Mayor";"KOMITET WYBORCZY WYBORCÓW ŻARSKA LEWICA";"DZG-7503-63/10";"wyborczy";"5";"Pogorzelec";"Roman Mieczysław";"M";"60";"wyższe";"członek Sojuszu Lewicy Demokratycznej";;"081102";"Żary";"Żary";;"2";"4357";"34,41"
"1";"Gorzów Wielkopolski";"miasto na prawach powiatu";"086101";"President";"KOMITET WYBORCZY PLATFORMA OBYWATELSKA RP";"ZPOW-7500-10/10";"partia";"5";"Sibińska";"Krystyna Mieczysława";"K";"48";"wyższe";"członek Platformy Obywatelskiej Rzeczypospolitej Polskiej";;"086101";"Gorzów Wielkopolski";"Gorzów Wlkp.";;"N";"6671";"17,75"
"1";"Bytom Odrzański";"gmina do 20 tyś.";"080402";"Mayor";"KOMITET WYBORCZY WYBORCÓW MIŁOŚNIKÓW BYTOMIA ODRZAŃSKIEGO";"DZG-7503-110/10";"wyborczy w gminie do 20 tys.";"1";"Sauter";"Jacek";"M";"49";"wyższe";;;"080402";"Bytom Odrzański";"Bytom Odrzański";;"T";"1370";"84,57"
"1";"Zielona Góra";"miasto na prawach powiatu";"086201";"President";"KOMITET WYBORCZY POLSKIE STRONNICTWO LUDOWE";"ZPOW-7500-4/10";"partia";"5";"Urbaniak";"Anna Magdalena";"K";"40";"wyższe";"członek Polskiego Stronnictwa Ludowego";;"086201";"Zielona Góra";"Zielona Góra";;"N";"726";"1,81"
"1";"Żary";"gmina pow. 20 tyś.";"081102";"Mayor";"KOMITET WYBORCZY PLATFORMA OBYWATELSKA RP";"ZPOW-7500-10/10";"partia";"2";"Maciuszonek";"Wacław Jan";"M";"52";"wyższe";"członek Platformy Obywatelskiej Rzeczypospolitej Polskiej";;"081110";"Żary";"Drożków";;"2";"3514";"27,75"
"1";"Małomice";"gmina do 20 tyś.";"081005";"Mayor";"KOMITET WYBORCZY WYBORCÓW MAŁGORZATY SENDECKIEJ";"DZG-7503-135/10";"wyborczy w gminie do 20 tys.";"1";"Sendecka";"Małgorzata Janina";"K";"43";"Wyższe";;;"081005";"Małomice";"Małomice";;"T";"1942";"86,58"
"1";"Żary";"gmina pow. 20 tyś.";"081102";"Mayor";"KOMITET WYBORCZY TOWARZYSTWO UPIĘKSZANIA MIASTA";"DZG-7502-12/10";"organizacja";"6";"Skrzypczyński";"Paweł";"M";"44";"wyższe";"członek Platformy Obywatelskiej Rzeczypospolitej Polskiej";;"081102";"Żary";"Żary";;"N";"426";"3,36"
"1";"Świdnica";"gmina do 20 tyś.";"080907";"Reeve";"KOMITET WYBORCZY WYBORCÓW PRZYMIERZE ŚWIDNICA";"DZG-7503-39/10";"wyborczy w gminie do 20 tys.";"2";"Jaskulski";"Adam Konstanty";"M";"58";"wyższe";"członek Polskiego Stronnictwa Ludowego";;"080907";"Świdnica";"Świdnica";;"T";"1387";"57,65"
"1";"Lubsko";"gmina do 20 tyś.";"081106";"Mayor";"KOMITET WYBORCZY PLATFORMA OBYWATELSKA RP";"ZPOW-7500-10/10";"partia";"1";"AGACKI";"ADAM";"M";"27";"WYŻSZE";"członek Platformy Obywatelskiej Rzeczypospolitej Polskiej";;"081106";"Lubsko";"MIERKÓW";;"N";"2238";"40,19"
"1";"Górzyca";"gmina do 20 tyś.";"080502";"Reeve";"KOMITET WYBORCZY WYBORCÓW ZAUFANIE";"DGW-7503-50/10";"wyborczy w gminie do 20 tys.";"1";"Stolarski";"Robert";"M";"39";"wyższe";;;"080502";"Górzyca";"Górzyca";;"T";"1344";"91,00"
"1";"Cybinka";"gmina do 20 tyś.";"080501";"Mayor";"KOMITET WYBORCZY WYBORCÓW ROZSĄDNI RAZEM";"DGW-7503-77/10";"wyborczy w gminie do 20 tys.";"2";"Siemiński";"Roman Jerzy";"M";"46";"wyższe";;;"080501";"Cybinka";"Cybinka";;"T";"1604";"57,55"
"1";"Szprotawa";"gmina pow. 20 tyś.";"081007";"Mayor";"KOMITET WYBORCZY WYBORCÓW JÓZEFA RUBACHY";"DZG-7503-81/10";"wyborczy";"4";"Rubacha";"Józef Marcin";"M";"52";"wyższe";"członek Polskiego Stronnictwa Ludowego";;"081007";"Szprotawa";"Szprotawa";;"2";"2959";"37,01"
"1";"Sulechów";"gmina pow. 20 tyś.";"080906";"Mayor";"KOMITET WYBORCZY SULECHOWSKIE STOWARZYSZENIE FORUM";"DZG-7502-13/10";"organizacja";"2";"Rakowski";"Roman";"M";"51";"wyższe";;;"080906";"Sulechów";"Sulechów";;"T";"4825";"53,72"
"1";"Nowa Sól";"gmina pow. 20 tyś.";"080401";"President";"KOMITET WYBORCZY SOJUSZ LEWICY DEMOKRATYCZNEJ";"ZPOW-7500-8/10";"partia";"1";"Kęs";"Kazimierz Jan";"M";"59";"wyższe";"członek Sojuszu Lewicy Demokratycznej";;"080401";"Nowa Sól";"Nowa Sól";;"N";"649";"4,56"
"1";"Iłowa";"gmina do 20 tyś.";"081004";"Mayor";"KOMITET WYBORCZY PLATFORMA OBYWATELSKA RP";"ZPOW-7500-10/10";"partia";"3";"Michalczuk";"Anna Joanna";"K";"46";"wyższe";"członek Platformy Obywatelskiej Rzeczypospolitej Polskiej";;"081004";"Iłowa";"Iłowa";;"N";"823";"28,68"
"1";"Zielona Góra";"gmina do 20 tyś.";"080910";"Reeve";"KOMITET WYBORCZY WYBORCÓW BEZPARTYJNY";"DZG-7503-12/10";"wyborczy w gminie do 20 tys.";"2";"Zalewski";"Mariusz";"M";"54";"wyższe";;;"080910";"Zielona Góra";"Drzonków";;"T";"3664";"54,83"
"1";"Nowa Sól";"gmina pow. 20 tyś.";"080401";"President";"KOMITET WYBORCZY STOWARZYSZENIE OBRONY NOWOSOLAN";"DZG-7502-6/10";"organizacja";"4";"Wilant";"Kornelia Elżbieta";"K";"39";"średnie";;;"080401";"Nowa Sól";"Nowa Sól";;"N";"360";"2,53"
"1";"Żagań";"gmina pow. 20 tyś.";"081002";"Mayor";"KOMITET WYBORCZY STOWARZYSZENIE NASZE MIASTO";"DZG-7502-14/10";"organizacja";"4";"Kowal";"Sławomir Jan";"M";"38";"wyższe";;;"081002";"Żagań";"Żagań";;"2";"3671";"38,53"
"1";"Żagań";"gmina pow. 20 tyś.";"081002";"Mayor";"KOMITET WYBORCZY POLSKIE STRONNICTWO LUDOWE";"ZPOW-7500-4/10";"partia";"5";"Martynowicz";"Bronisław Kazimierz";"M";"67";"wyższe";;;"081002";"Żagań";"Żagań";;"N";"426";"4,47"
"1";"Żagań";"gmina pow. 20 tyś.";"081002";"Mayor";"KOMITET WYBORCZY NASZE MIASTO - NASZ POWIAT";"DZG-7502-9/10";"organizacja";"2";"Chodań";"Eugeniusz Lucjan";"M";"55";"wyższe";;;"081002";"Żagań";"Żagań";;"N";"900";"9,45"
"1";"Żary";"gmina do 20 tyś.";"081110";"Reeve";"KOMITET WYBORCZY FORUM SAMORZĄDOWE MIAST I GMIN POWIATU ŻARSKIEGO";"DZG-7502-2/10";"organizacja";"4";"Nowakowski";"Krzysztof";"M";"48";"wyższe";;;"081110";"Żary";"Grabik";;"N";"238";"5,95"
"1";"Zbąszynek";"gmina do 20 tyś.";"080806";"Mayor";"KOMITET WYBORCZY PLATFORMA OBYWATELSKA RP";"ZPOW-7500-10/10";"partia";"2";"Hajduk";"Edward";"M";"52";"Wyższe";"członek Platformy Obywatelskiej Rzeczypospolitej Polskiej";;"080806";"Zbąszynek";"Zbąszynek";;"N";"418";"13,41"
"1";"Świebodzin";"gmina pow. 20 tyś.";"080805";"Mayor";"KOMITET WYBORCZY PRAWO I SPRAWIEDLIWOŚĆ";"ZPOW-7500-12/10";"partia";"3";"Warcholik";"Krzysztof Wiesław";"M";"32";"wyższe";"członek Prawa i Sprawiedliwości";;"080805";"Świebodzin";"Świebodzin";;"N";"1720";"17,46"
"1";"Wschowa";"gmina pow. 20 tyś.";"081203";"Mayor";"KOMITET WYBORCZY PRAWO I SPRAWIEDLIWOŚĆ";"ZPOW-7500-12/10";"partia";"4";"Rahnefeld";"Elżbieta";"K";"52";"wyższe";"członek Prawa i Sprawiedliwości";;"081202";"Szlichtyngowa";"Stare Drzewce";;"N";"418";"4,66"
"1";"Jasień";"gmina do 20 tyś.";"081104";"Mayor";"KOMITET WYBORCZY FORUM SAMORZĄDOWE MIAST I GMIN POWIATU ŻARSKIEGO";"DZG-7502-2/10";"organizacja";"1";"Kamyszek";"Andrzej Roman";"M";"48";"średnie";;;"081104";"Jasień";"Jasień";;"N";"1298";"47,48"
"1";"Siedlisko";"gmina do 20 tyś.";"080408";"Reeve";"KOMITET WYBORCZY WYBORCÓW GMINA Z PRZYSZŁOŚCIĄ";"DZG-7503-62/10";"wyborczy w gminie do 20 tys.";"1";"ŁABIAK";"RYSZARD";"M";"48";"ŚREDNIE PEDAGOGICZNE";;;"080408";"Siedlisko";"SIEDLISKO";;"N";"684";"40,59"
"1";"Gozdnica";"gmina do 20 tyś.";"081001";"Mayor";"KOMITET WYBORCZY WYBORCÓW SZANSA DLA GOZDNICY";"DZG-7503-61/10";"wyborczy w gminie do 20 tys.";"2";"Krasuski";"Artur Waldemar";"M";"39";"wyższe";;;"081001";"Gozdnica";"Gozdnica";;"2";"506";"36,35"
"1";"Szprotawa";"gmina pow. 20 tyś.";"081007";"Mayor";"KOMITET WYBORCZY TOWARZYSTWO PRZYJACIÓŁ ZIEMI SZPROTAWSKIEJ";"DZG-7502-8/10";"organizacja";"5";"Sitko";"Franciszek";"M";"77";"wyższe";;;"081007";"Szprotawa";"Szprotawa";;"2";"2062";"25,79"
"1";"Lubrza";"gmina do 20 tyś.";"080801";"Reeve";"KOMITET WYBORCZY FORUM SAMORZĄDOWE";"DZG-7502-4/10";"organizacja";"1";"Chamarczuk";"Eugeniusz";"M";"55";"wyższe";;;"080801";"Lubrza";"Lubrza";;"N";"611";"36,59"
"1";"Sława";"gmina do 20 tyś.";"081201";"Mayor";"KOMITET WYBORCZY WYBORCÓW TERAZ MY !";"DZG-7503-147/10";"wyborczy w gminie do 20 tys.";"1";"Kłyż";"Dorota Kamila";"K";"51";"wyższe";;;"081201";"Sława";"Śmieszkowo";;"N";"576";"12,36"
"1";"Gozdnica";"gmina do 20 tyś.";"081001";"Mayor";"KOMITET WYBORCZY WYBORCÓW GMINA GOZDNICA TO JEDNA RODZINA";"DZG-7503-4/10";"wyborczy w gminie do 20 tys.";"1";"Błażejewski";"Henryk";"M";"52";"średnie";;;"080805";"Świebodzin";"Świebodzin";;"N";"262";"18,82"
"1";"Iłowa";"gmina do 20 tyś.";"081004";"Mayor";"KOMITET WYBORCZY WYBORCÓW ALEKSANDRA JANUSA";"DZG-7503-7/10";"wyborczy w gminie do 20 tys.";"2";"Janus";"Aleksander";"M";"57";"wyższe";;;"081004";"Iłowa";"Iłowa";;"2";"1021";"35,57"
"1";"Wymiarki";"gmina do 20 tyś.";"081008";"Reeve";"KOMITET WYBORCZY WYBORCÓW NA RZECZ ROZWOJU GMINY";"DZG-7503-175/10";"wyborczy w gminie do 20 tys.";"4";"Zołotucha";"Henryk";"M";"55";"wyższe";;;"081008";"Wymiarki";"Witoszyn";;"N";"273";"25,80"
"1";"Lubrza";"gmina do 20 tyś.";"080801";"Reeve";"KOMITET WYBORCZY WYBORCÓW RYSZARDA SKONIECZKA";"DZG-7503-14/10";"wyborczy w gminie do 20 tys.";"3";"Skonieczek";"Ryszard";"M";"47";"średnie zawodowe";;;"080801";"Lubrza";"Lubrza";;"T";"984";"58,92"
"1";"Wymiarki";"gmina do 20 tyś.";"081008";"Reeve";"KOMITET WYBORCZY WYBORCÓW NOWA GMINA";"DZG-7503-140/10";"wyborczy";"3";"Staszkowian";"Anita Agnieszka";"K";"38";"wyższe";;;"081008";"Wymiarki";"Wymiarki";;"2";"295";"27,88"
"1";"Bytnica";"gmina do 20 tyś.";"080203";"Reeve";"KOMITET WYBORCZY POLSKIE STRONNICTWO LUDOWE";"ZPOW-7500-4/10";"partia";"1";"Barnaś";"Teresa Irena";"K";"60";"wyższe";;;"080203";"Bytnica";"Budachów";;"N";"139";"13,44"
"1";"Żary";"gmina pow. 20 tyś.";"081102";"Mayor";"KOMITET WYBORCZY FORUM SAMORZĄDOWE MIAST I GMIN POWIATU ŻARSKIEGO";"DZG-7502-2/10";"organizacja";"3";"Madej";"Danuta";"K";"51";"wyższe";;;"081110";"Żary";"Olbrachtów";;"N";"2405";"19,00"
"1";"Zielona Góra";"miasto na prawach powiatu";"086201";"President";"KOMITET WYBORCZY PLATFORMA OBYWATELSKA RP";"ZPOW-7500-10/10";"partia";"3";"Polak";"Elżbieta Anna";"K";"51";"wyższe";"członek Platformy Obywatelskiej Rzeczypospolitej Polskiej";;"086201";"Zielona Góra";"Zielona Góra";;"N";"7400";"18,46"
"1";"Santok";"gmina do 20 tyś.";"080106";"Reeve";"KOMITET WYBORCZY WYBORCÓW RAZEM DLA GMINY SANTOK";"DGW-7503-155/10";"wyborczy w gminie do 20 tys.";"1";"Błach";"Jacek Daniel";"M";"35";"wyższe";;;"080106";"Santok";"Lipki Wielkie";;"N";"409";"14,85"
"1";"Skwierzyna";"gmina do 20 tyś.";"080305";"Mayor";"KOMITET WYBORCZY WYBORCÓW ""SKWIERZYNA-NOWA PERSPEKTYWA""";"DGW-7503-18/10";"wyborczy w gminie do 20 tys.";"6";"Watros";"Tomasz Maciej";"M";"33";"wyższe";"członek Platformy Obywatelskiej Rzeczypospolitej Polskiej";;"080305";"Skwierzyna";"Skwierzyna";;"2";"1403";"27,00"
"1";"Zielona Góra";"gmina do 20 tyś.";"080910";"Reeve";"KOMITET WYBORCZY WYBORCÓW TWOJA GMINA";"DZG-7503-37/10";"wyborczy w gminie do 20 tys.";"1";"Sroczyński";"Tomasz Paweł";"M";"32";"wyższe";;;"080910";"Zielona Góra";"Racula";;"N";"3018";"45,17"
"1";"Pszczew";"gmina do 20 tyś.";"080304";"Reeve";"KOMITET WYBORCZY WYBORCÓW WYBÓR GMINY PSZCZEW";"DGW-7503-98/10";"wyborczy w gminie do 20 tys.";"1";"Górczyński";"Waldemar Gerard";"M";"53";"wyższe";;;"080304";"Pszczew";"Świechocin";;"T";"1045";"55,12"
"1";"Jasień";"gmina do 20 tyś.";"081104";"Mayor";"KOMITET WYBORCZY POLSKIE STRONNICTWO LUDOWE";"ZPOW-7500-4/10";"partia";"2";"Sagasz";"Helena";"K";"60";"wyższe";"członek Polskiego Stronnictwa Ludowego";;"081104";"Jasień";"Jasień";;"T";"1436";"52,52"
"1";"Pszczew";"gmina do 20 tyś.";"080304";"Reeve";"KOMITET WYBORCZY WYBORCÓW TWÓJ SAMORZĄD";"DGW-7503-36/10";"wyborczy w gminie do 20 tys.";"2";"Leśny";"Mirosław Andrzej";"M";"52";"wyższe";;;"080304";"Pszczew";"Pszczew";;"N";"851";"44,88"
"1";"Brody";"gmina do 20 tyś.";"081103";"Reeve";"KOMITET WYBORCZY WYBORCÓW RAZEM DLA GMINY BRODY";"DZG-7503-153/10";"wyborczy";"1";"Kowalczuk";"Ryszard Stanisław";"M";"41";"wyższe";;;"081103";"Brody";"Jeziory Wysokie";;"2";"573";"41,05"
"1";"Brody";"gmina do 20 tyś.";"081103";"Reeve";"KOMITET WYBORCZY WYBORCÓW ZMIEŃMY RAZEM";"DZG-7503-80/10";"wyborczy w gminie do 20 tys.";"3";"Wojciechowska";"Ewa Lucyna";"K";"49";"Średnie";;;"081103";"Brody";"Brożek";;"N";"271";"19,41"
"1";"Rzepin";"gmina do 20 tyś.";"080504";"Mayor";"KOMITET WYBORCZY WYBORCÓW RZEPIŃSKIE POROZUMIENIE SAMORZĄDOWE";"DGW-7503-65/10";"wyborczy w gminie do 20 tys.";"3";"Skałuba";"Andrzej Jan";"M";"47";"wyższe";"członek Platformy Obywatelskiej Rzeczypospolitej Polskiej";;"080504";"Rzepin";"Rzepin";;"2";"1658";"42,27"
"1";"Gozdnica";"gmina do 20 tyś.";"081001";"Mayor";"KOMITET WYBORCZY WYBORCÓW RAZEM DLA GOZDNICY";"DZG-7503-23/10";"wyborczy w gminie do 20 tys.";"3";"Płaziak";"Zdzisław Franciszek";"M";"58";"Wyższe";;;"081001";"Gozdnica";"Gozdnica";;"2";"624";"44,83"
"1";"Tuplice";"gmina do 20 tyś.";"081109";"Reeve";"KOMITET WYBORCZY WYBORCÓW TADEUSZA RYBAKA";"DZG-7503-100/10";"wyborczy w gminie do 20 tys.";"2";"Rybak";"Tadeusz Jan";"M";"52";"średnie";;;"081109";"Tuplice";"Jagłowice";;"2";"531";"40,63"
"1";"Krosno Odrzańskie";"gmina do 20 tyś.";"080206";"Mayor";"KOMITET WYBORCZY PLATFORMA OBYWATELSKA RP";"ZPOW-7500-10/10";"partia";"1";"Cebula";"Marek Jerzy";"M";"45";"wyższe";"członek Platformy Obywatelskiej Rzeczypospolitej Polskiej";;"080206";"Krosno Odrzańskie";"Krosno Odrzańskie";;"2";"3705";"48,11"
"1";"Skwierzyna";"gmina do 20 tyś.";"080305";"Mayor";"KOMITET WYBORCZY WYBORCÓW ""O LEPSZE JUTRO""";"DGW-7503-4/10";"wyborczy w gminie do 20 tys.";"5";"Sańko";"Ferdynand";"M";"51";"wyższe";;;"080305";"Skwierzyna";"Skwierzyna";;"2";"1326";"25,51"
"1";"Wschowa";"gmina pow. 20 tyś.";"081203";"Mayor";"KOMITET WYBORCZY WYBORCÓW RAZEM W PRZYSZŁOŚĆ";"DZG-7503-1/10";"wyborczy";"2";"Grabka";"Krzysztof Jerzy";"M";"46";"wyższe";;;"081203";"Wschowa";"Wschowa";;"2";"3676";"41,01"
"1";"Tuplice";"gmina do 20 tyś.";"081109";"Reeve";"KOMITET WYBORCZY FORUM SAMORZĄDOWE MIAST I GMIN POWIATU ŻARSKIEGO";"DZG-7502-2/10";"organizacja";"1";"Białkowska-Śmigiel";"Olga Zofia";"K";"34";"wyższe";;;"081109";"Tuplice";"Tuplice";;"2";"545";"41,70"
"1";"Kostrzyn nad Odrą";"gmina do 20 tyś.";"080101";"Mayor";"KOMITET WYBORCZY WYBORCÓW ""KOSTRZYN DLA WSZYSTKICH""";"DGW-7503-2/10";"wyborczy";"3";"Martynowicz";"Stefania Janina";"K";"61";"wyższe";;;"080101";"Kostrzyn nad Odrą";"Kostrzyn nad Odrą";;"N";"500";"8,41"
"1";"Rzepin";"gmina do 20 tyś.";"080504";"Mayor";"KOMITET WYBORCZY WYBORCÓW STANISŁAWA PASTUSZAKA";"DGW-7503-76/10";"wyborczy w gminie do 20 tys.";"2";"Pastuszak";"Stanisław";"M";"63";"średnie ekonomiczne";"członek Sojuszu Lewicy Demokratycznej";;"080504";"Rzepin";"Rzepin";"złożył następujące oświadczenie: byłem współpracownikiem organów bezpieczeństwa państwa w rozumieniu ustawy z dnia ustawy z dnia 18 października 2006 r. o ujawnianiu informacji o dokumentach organów bezpieczeństwa państwa z lat 1944-1990 oraz treści tych dokumentów (Dz. U z 2007 r. Nr 63, poz. 425, z późn. zm.)";"2";"1223";"31,18"
"1";"Kłodawa";"gmina do 20 tyś.";"080104";"Reeve";"KOMITET WYBORCZY WYBORCÓW ""GMINA KŁODAWA NA TAK""";"DGW-7503-110/10";"wyborczy w gminie do 20 tys.";"2";"Jabłoński";"Roman";"M";"55";"wyższe";;;"080104";"Kłodawa";"Kłodawa";;"N";"538";"17,30"
"1";"Niegosławice";"gmina do 20 tyś.";"081006";"Reeve";"KOMITET WYBORCZY WYBORCÓW NASZA GMINA DZIŚ I JUTRO";"DZG-7503-120/10";"wyborczy w gminie do 20 tys.";"1";"Szylińczuk";"Marek Teodor";"M";"50";"wyższe";;;"081006";"Niegosławice";"Gościeszowice";;"T";"1314";"76,35"
"1";"Brzeźnica";"gmina do 20 tyś.";"081003";"Reeve";"KOMITET WYBORCZY POLSKIE STRONNICTWO LUDOWE";"ZPOW-7500-4/10";"partia";"2";"Wygnaniec";"Janusz";"M";"46";"Wyższe";;;"081003";"Brzeźnica";"Brzeźnica";;"N";"568";"35,39"
"1";"Bobrowice";"gmina do 20 tyś.";"080202";"Reeve";"KOMITET WYBORCZY WYBORCÓW  DLA GMINY BOBROWICE";"DZG-7503-26/10";"wyborczy w gminie do 20 tys.";"1";"Babul";"Marek";"M";"53";"średnie";;;"080202";"Bobrowice";"Dychów";;"2";"489";"30,07"
"1";"Kostrzyn nad Odrą";"gmina do 20 tyś.";"080101";"Mayor";"KOMITET WYBORCZY PLATFORMA OBYWATELSKA RP";"ZPOW-7500-10/10";"partia";"4";"Tatarewicz";"Marek";"M";"39";"wyższe";"członek Platformy Obywatelskiej Rzeczypospolitej Polskiej";;"080101";"Kostrzyn nad Odrą";"Kostrzyn nad Odrą";;"N";"357";"6,01"
"1";"Skąpe";"gmina do 20 tyś.";"080803";"Reeve";"KOMITET WYBORCZY FORUM SAMORZĄDOWE";"DZG-7502-4/10";"organizacja";"1";"Woch";"Zbigniew";"M";"45";"Wyższe";;;"080803";"Skąpe";"Cibórz";;"T";"1672";"87,31"
"1";"Krosno Odrzańskie";"gmina do 20 tyś.";"080206";"Mayor";"KOMITET WYBORCZY PRAWO I SPRAWIEDLIWOŚĆ";"ZPOW-7500-12/10";"partia";"3";"Zarzycki";"Artur Dawid";"M";"30";"wyższe";;;"080206";"Krosno Odrzańskie";"Marcinowice";;"N";"545";"7,08"
"1";"Tuplice";"gmina do 20 tyś.";"081109";"Reeve";"KOMITET WYBORCZY WYBORCÓW ZBIGNIEWA KRZYSZTOFA SIKORSKIEGO";"DZG-7503-126/10";"wyborczy w gminie do 20 tys.";"3";"Sikorski";"Zbigniew Krzysztof";"M";"49";"średnie";;;"081109";"Tuplice";"Tuplice";;"N";"231";"17,67"
"1";"Witnica";"gmina do 20 tyś.";"080107";"Mayor";"KOMITET WYBORCZY WYBORCÓW WITNICA 2000";"DGW-7503-11/10";"wyborczy w gminie do 20 tys.";"1";"Zabłocki";"Andrzej";"M";"52";"wyższe";;;"080107";"Witnica";"Witnica";;"T";"2776";"75,66"
"1";"Trzebiel";"gmina do 20 tyś.";"081108";"Reeve";"KOMITET WYBORCZY WYBORCÓW EDWARDA DASIUKIEWICZA";"DZG-7503-72/10";"wyborczy w gminie do 20 tys.";"3";"Dasiukiewicz";"Edward";"M";"62";"średnie";;;"081108";"Trzebiel";"Trzebiel";;"N";"293";"11,92"
"1";"Lubniewice";"gmina do 20 tyś.";"080702";"Mayor";"KOMITET WYBORCZY WYBORCÓW TWOJA GMINA LUBNIEWICE";"DGW-7503-37/10";"wyborczy w gminie do 20 tys.";"1";"Jaskuła";"Tomasz";"M";"32";"wyższe";;;"080702";"Lubniewice";"Lubniewice";;"T";"1024";"64,77"
"1";"Żagań";"gmina do 20 tyś.";"081009";"Reeve";"KOMITET WYBORCZY WYBORCÓW NASZA GMINA ŻAGAŃ";"DZG-7503-21/10";"wyborczy w gminie do 20 tys.";"1";"Niesłuchowski";"Tomasz";"M";"60";"wyższe";;;"081009";"Żagań";"Bukowina Bobrzańska";;"T";"1628";"78,65"
"1";"Nowa Sól";"gmina pow. 20 tyś.";"080401";"President";"KOMITET WYBORCZY WYBORCÓW WADIM TYSZKIEWICZ";"DZG-7503-8/10";"wyborczy";"3";"Tyszkiewicz";"Wadim";"M";"52";"wyższe";;;"080401";"Nowa Sól";"Nowa Sól";;"T";"12296";"86,40"
"1";"Kolsko";"gmina do 20 tyś.";"080403";"Reeve";"KOMITET WYBORCZY POLSKA PATRIOTYCZNA";"ZPOW-7500-1/10";"partia";"1";"Kotlarski";"Edmund";"M";"65";"Wyższe";;;"080401";"Nowa Sól";"Nowa Sól";;"N";"223";"17,52"
"1";"Żary";"gmina pow. 20 tyś.";"081102";"Mayor";"KOMITET WYBORCZY ŻARSKIE STOWARZYSZENIE TOBIE I MIASTU";"DZG-7502-1/10";"organizacja";"1";"Grochla";"Dariusz";"M";"48";"wyższe";;;"081102";"Żary";"Żary";;"N";"1368";"10,80"
"1";"Ośno Lubuskie";"gmina do 20 tyś.";"080503";"Mayor";"KOMITET WYBORCZY WYBORCÓW GMINA OŚNO - WSPÓLNA SPRAWA";"DGW-7503-39/10";"wyborczy w gminie do 20 tys.";"1";"Kozłowski";"Stanisław";"M";"45";"wyższe ekonomiczne";;;"080503";"Ośno Lubuskie";"Ośno Lubuskie";;"T";"1917";"55,23"
"1";"Gubin";"gmina do 20 tyś.";"080201";"Mayor";"KOMITET WYBORCZY SOJUSZ LEWICY DEMOKRATYCZNEJ";"ZPOW-7500-8/10";"partia";"2";"Kiertyczak";"Lech Jan";"M";"57";"średnie tech.";"członek Sojuszu Lewicy Demokratycznej";;"080201";"Gubin";"Gubin";;"N";"1168";"20,54"
